id,label
img_1.JPG,12
img_2.JPG,9
img_3.JPG,11
img_4.JPG,8
img_5.JPG,9
img_6.JPG,5
img_7.JPG,14
img_8.JPG,1
img_9.JPG,12
img_10.JPG,12
img_11.JPG,14
img_12.JPG,1
img_13.JPG,12
img_14.JPG,5
img_15.JPG,9
img_16.JPG,11
img_17.JPG,10
img_18.JPG,7
img_19.JPG,9
img_20.JPG,13
img_21.JPG,9
img_22.JPG,0
img_23.JPG,12
img_24.JPG,3
img_25.JPG,10
img_26.JPG,14
img_27.jpg,7
img_28.JPG,10
img_29.JPG,12
img_30.JPG,12
img_31.JPG,14
img_32.JPG,7
img_33.JPG,5
img_34.JPG,11
img_35.JPG,12
img_36.JPG,1
img_37.JPG,9
img_38.JPG,3
img_39.JPG,0
img_40.JPG,10
img_41.JPG,12
img_42.JPG,5
img_43.JPG,9
img_44.JPG,12
img_45.JPG,14
img_46.JPG,0
img_47.JPG,12
img_48.JPG,12
img_49.JPG,10
img_50.JPG,11
img_51.JPG,6
img_52.JPG,5
img_53.JPG,9
img_54.JPG,10
img_55.JPG,1
img_56.JPG,2
img_57.JPG,9
img_58.JPG,5
img_59.JPG,0
img_60.JPG,7
img_61.JPG,1
img_62.JPG,9
img_63.JPG,1
img_64.JPG,7
img_65.JPG,1
img_66.JPG,9
img_67.JPG,9
img_68.JPG,11
img_69.JPG,7
img_70.JPG,6
img_71.JPG,11
img_72.JPG,5
img_73.JPG,3
img_74.JPG,12
img_75.JPG,14
img_76.JPG,5
img_77.JPG,0
img_78.JPG,8
img_79.JPG,6
img_80.JPG,3
img_81.JPG,14
img_82.JPG,12
img_83.JPG,9
img_84.JPG,13
img_85.JPG,10
img_86.JPG,0
img_87.JPG,11
img_88.JPG,0
img_89.JPG,6
img_90.JPG,9
img_91.JPG,2
img_92.JPG,12
img_93.JPG,12
img_94.JPG,14
img_95.JPG,10
img_96.JPG,10
img_97.JPG,8
img_98.JPG,2
img_99.JPG,14
img_100.JPG,11
img_101.JPG,14
img_102.JPG,2
img_103.JPG,12
img_104.JPG,12
img_105.JPG,12
img_106.JPG,9
img_107.JPG,1
img_108.JPG,12
img_109.JPG,12
img_110.JPG,9
img_111.JPG,12
img_112.JPG,5
img_113.JPG,2
img_114.JPG,6
img_115.JPG,13
img_116.JPG,9
img_117.JPG,13
img_118.JPG,12
img_119.JPG,14
img_120.JPG,9
img_121.JPG,11
img_122.JPG,1
img_123.JPG,10
img_124.JPG,5
img_125.JPG,0
img_126.JPG,3
img_127.JPG,9
img_128.JPG,14
img_129.JPG,14
img_130.JPG,0
img_131.JPG,5
img_132.JPG,3
img_133.JPG,3
img_134.JPG,12
img_135.JPG,9
img_136.JPG,10
img_137.JPG,10
img_138.JPG,12
img_139.JPG,5
img_140.JPG,11
img_141.JPG,5
img_142.JPG,2
img_143.JPG,0
img_144.JPG,12
img_145.JPG,10
img_146.JPG,9
img_147.JPG,2
img_148.JPG,12
img_149.JPG,12
img_150.JPG,7
img_151.JPG,1
img_152.JPG,11
img_153.JPG,10
img_154.JPG,1
img_155.JPG,7
img_156.JPG,5
img_157.JPG,1
img_158.JPG,14
img_159.JPG,11
img_160.JPG,6
img_161.JPG,9
img_162.JPG,5
img_163.JPG,14
img_164.JPG,12
img_165.JPG,13
img_166.JPG,14
img_167.JPG,2
img_168.JPG,10
img_169.JPG,5
img_170.JPG,12
img_171.JPG,3
img_172.JPG,12
img_173.JPG,9
img_174.JPG,7
img_175.JPG,12
img_176.JPG,8
img_177.JPG,11
img_178.JPG,9
img_179.JPG,12
img_180.JPG,7
img_181.JPG,10
img_182.JPG,12
img_183.JPG,14
img_184.JPG,5
img_185.JPG,5
img_186.JPG,3
img_187.JPG,4
img_188.JPG,5
img_189.JPG,7
img_190.JPG,6
img_191.JPG,6
img_192.JPG,7
img_193.JPG,2
img_194.JPG,10
img_195.JPG,1
img_196.JPG,0
img_197.JPG,12
img_198.JPG,3
img_199.JPG,11
img_200.JPG,3
img_201.JPG,12
img_202.JPG,10
img_203.JPG,9
img_204.JPG,5
img_205.JPG,1
img_206.JPG,10
img_207.JPG,10
img_208.JPG,9
img_209.JPG,8
img_210.JPG,9
img_211.JPG,12
img_212.JPG,1
img_213.JPG,12
img_214.JPG,7
img_215.JPG,6
img_216.JPG,10
img_217.JPG,7
img_218.JPG,1
img_219.JPG,5
img_220.JPG,5
img_221.JPG,10
img_222.JPG,12
img_223.JPG,9
img_224.JPG,12
img_225.JPG,12
img_226.JPG,12
img_227.JPG,12
img_228.JPG,3
img_229.JPG,6
img_230.JPG,5
img_231.JPG,3
img_232.JPG,12
img_233.JPG,7
img_234.JPG,5
img_235.JPG,2
img_236.JPG,9
img_237.JPG,8
img_238.JPG,14
img_239.JPG,0
img_240.JPG,1
img_241.JPG,12
img_242.JPG,3
img_243.JPG,0
img_244.JPG,5
img_245.JPG,14
img_246.JPG,0
img_247.JPG,7
img_248.JPG,9
img_249.JPG,10
img_250.JPG,6
img_251.JPG,11
img_252.JPG,0
img_253.JPG,11
img_254.JPG,11
img_255.JPG,0
img_256.JPG,0
img_257.JPG,1
img_258.JPG,5
img_259.JPG,10
img_260.JPG,7
img_261.JPG,1
img_262.JPG,10
img_263.JPG,2
img_264.JPG,14
img_265.JPG,9
img_266.JPG,14
img_267.JPG,6
img_268.JPG,5
img_269.JPG,12
img_270.JPG,1
img_271.JPG,11
img_272.JPG,3
img_273.JPG,12
img_274.JPG,0
img_275.JPG,10
img_276.JPG,6
img_277.JPG,6
img_278.JPG,7
img_279.JPG,12
img_280.JPG,2
img_281.JPG,10
img_282.JPG,12
img_283.JPG,12
img_284.JPG,3
img_285.JPG,6
img_286.JPG,2
img_287.JPG,14
img_288.JPG,1
img_289.JPG,14
img_290.JPG,9
img_291.JPG,7
img_292.JPG,12
img_293.JPG,1
img_294.JPG,9
img_295.JPG,3
img_296.JPG,4
img_297.JPG,12
img_298.JPG,1
img_299.JPG,9
img_300.JPG,12
img_301.JPG,5
img_302.JPG,9
img_303.JPG,6
img_304.JPG,7
img_305.JPG,9
img_306.JPG,5
img_307.JPG,3
img_308.JPG,11
img_309.JPG,11
img_310.JPG,9
img_311.JPG,1
img_312.JPG,0
img_313.JPG,1
img_314.JPG,14
img_315.JPG,12
img_316.JPG,2
img_317.JPG,9
img_318.JPG,12
img_319.JPG,3
img_320.JPG,14
img_321.JPG,1
img_322.JPG,12
img_323.JPG,5
img_324.JPG,5
img_325.JPG,5
img_326.JPG,5
img_327.JPG,7
img_328.JPG,12
img_329.JPG,1
img_330.JPG,12
img_331.JPG,5
img_332.JPG,3
img_333.JPG,1
img_334.JPG,10
img_335.JPG,8
img_336.JPG,14
img_337.JPG,3
img_338.JPG,7
img_339.JPG,14
img_340.JPG,7
img_341.JPG,12
img_342.JPG,6
img_343.JPG,1
img_344.JPG,0
img_345.JPG,5
img_346.JPG,0
img_347.JPG,10
img_348.JPG,10
img_349.JPG,3
img_350.JPG,6
img_351.JPG,5
img_352.JPG,7
img_353.JPG,1
img_354.JPG,9
img_355.JPG,9
img_356.JPG,7
img_357.JPG,12
img_358.JPG,1
img_359.JPG,5
img_360.JPG,3
img_361.JPG,1
img_362.JPG,14
img_363.JPG,10
img_364.JPG,12
img_365.JPG,2
img_366.JPG,6
img_367.JPG,2
img_368.JPG,12
img_369.JPG,9
img_370.JPG,14
img_371.JPG,1
img_372.JPG,10
img_373.JPG,7
img_374.JPG,14
img_375.JPG,12
img_376.JPG,9
img_377.JPG,9
img_378.JPG,5
img_379.JPG,7
img_380.JPG,11
img_381.JPG,0
img_382.JPG,10
img_383.JPG,6
img_384.JPG,12
img_385.JPG,12
img_386.JPG,5
img_387.JPG,12
img_388.JPG,8
img_389.JPG,12
img_390.JPG,1
img_391.JPG,9
img_392.JPG,11
img_393.JPG,7
img_394.JPG,7
img_395.JPG,11
img_396.JPG,12
img_397.JPG,2
img_398.JPG,7
img_399.JPG,12
img_400.JPG,11
img_401.JPG,5
img_402.JPG,3
img_403.JPG,7
img_404.JPG,0
img_405.JPG,5
img_406.JPG,9
img_407.JPG,0
img_408.JPG,12
img_409.JPG,7
img_410.JPG,0
img_411.JPG,11
img_412.JPG,7
img_413.JPG,10
img_414.JPG,11
img_415.JPG,1
img_416.JPG,13
img_417.JPG,5
img_418.JPG,14
img_419.JPG,12
img_420.JPG,12
img_421.JPG,12
img_422.JPG,7
img_423.JPG,7
img_424.JPG,14
img_425.JPG,2
img_426.JPG,14
img_427.JPG,1
img_428.JPG,9
img_429.JPG,11
img_430.JPG,8
img_431.JPG,10
img_432.JPG,5
img_433.JPG,3
img_434.JPG,3
img_435.JPG,12
img_436.JPG,5
img_437.JPG,2
img_438.JPG,11
img_439.JPG,3
img_440.JPG,12
img_441.JPG,5
img_442.JPG,12
img_443.JPG,3
img_444.JPG,11
img_445.JPG,11
img_446.JPG,14
img_447.JPG,6
img_448.JPG,11
img_449.JPG,0
img_450.JPG,11
img_451.JPG,12
img_452.JPG,7
img_453.JPG,10
img_454.JPG,5
img_455.JPG,5
img_456.JPG,14
img_457.JPG,10
img_458.JPG,10
img_459.JPG,1
img_460.JPG,12
img_461.JPG,9
img_462.JPG,7
img_463.JPG,12
img_464.JPG,8
img_465.JPG,11
img_466.JPG,14
img_467.JPG,7
img_468.jpg,7
img_469.JPG,12
img_470.JPG,11
img_471.JPG,9
img_472.JPG,6
img_473.JPG,11
img_474.JPG,14
img_475.JPG,7
img_476.JPG,6
img_477.JPG,12
img_478.JPG,0
img_479.JPG,0
img_480.JPG,14
img_481.JPG,14
img_482.JPG,12
img_483.JPG,11
img_484.JPG,5
img_485.JPG,7
img_486.JPG,3
img_487.JPG,5
img_488.JPG,2
img_489.JPG,5
img_490.JPG,10
img_491.JPG,5
img_492.JPG,8
img_493.JPG,14
img_494.JPG,14
img_495.JPG,3
img_496.JPG,5
img_497.JPG,12
img_498.JPG,5
img_499.JPG,1
img_500.JPG,11
img_501.JPG,12
img_502.JPG,12
img_503.JPG,8
img_504.JPG,3
img_505.JPG,11
img_506.JPG,8
img_507.JPG,3
img_508.JPG,7
img_509.JPG,14
img_510.JPG,0
img_511.JPG,0
img_512.JPG,5
img_513.JPG,2
img_514.JPG,14
img_515.JPG,10
img_516.JPG,5
img_517.JPG,5
img_518.JPG,11
img_519.JPG,0
img_520.JPG,8
img_521.JPG,10
img_522.JPG,5
img_523.JPG,12
img_524.JPG,1
img_525.JPG,14
img_526.JPG,7
img_527.JPG,11
img_528.JPG,11
img_529.JPG,1
img_530.JPG,1
img_531.JPG,12
img_532.JPG,1
img_533.JPG,5
img_534.JPG,10
img_535.JPG,7
img_536.JPG,14
img_537.JPG,14
img_538.JPG,8
img_539.JPG,5
img_540.JPG,12
img_541.JPG,14
img_542.JPG,12
img_543.JPG,7
img_544.JPG,3
img_545.JPG,7
img_546.JPG,5
img_547.JPG,4
img_548.JPG,12
img_549.JPG,7
img_550.JPG,9
img_551.JPG,5
img_552.JPG,0
img_553.JPG,7
img_554.JPG,5
img_555.JPG,7
img_556.JPG,14
img_557.JPG,8
img_558.JPG,7
img_559.JPG,14
img_560.JPG,3
img_561.JPG,0
img_562.JPG,12
img_563.JPG,5
img_564.JPG,7
img_565.JPG,9
img_566.JPG,6
img_567.JPG,12
img_568.JPG,7
img_569.JPG,1
img_570.JPG,3
img_571.JPG,1
img_572.JPG,0
img_573.JPG,10
img_574.JPG,7
img_575.JPG,2
img_576.JPG,3
img_577.JPG,6
img_578.JPG,3
img_579.JPG,0
img_580.JPG,12
img_581.JPG,9
img_582.JPG,5
img_583.JPG,8
img_584.JPG,3
img_585.JPG,1
img_586.JPG,5
img_587.JPG,1
img_588.JPG,8
img_589.JPG,10
img_590.JPG,1
img_591.JPG,11
img_592.JPG,5
img_593.JPG,1
img_594.JPG,11
img_595.JPG,11
img_596.JPG,6
img_597.JPG,12
img_598.JPG,7
img_599.JPG,1
img_600.JPG,2
img_601.JPG,7
img_602.JPG,5
img_603.JPG,8
img_604.JPG,7
img_605.JPG,7
img_606.jpg,7
img_607.JPG,12
img_608.JPG,2
img_609.JPG,12
img_610.JPG,12
img_611.JPG,3
img_612.JPG,12
img_613.JPG,12
img_614.JPG,7
img_615.JPG,2
img_616.JPG,5
img_617.JPG,1
img_618.JPG,10
img_619.JPG,12
img_620.JPG,7
img_621.JPG,12
img_622.JPG,5
img_623.JPG,7
img_624.JPG,14
img_625.JPG,11
img_626.JPG,14
img_627.JPG,12
img_628.JPG,2
img_629.JPG,0
img_630.JPG,0
img_631.JPG,12
img_632.JPG,11
img_633.JPG,11
img_634.JPG,5
img_635.JPG,0
img_636.JPG,5
img_637.JPG,7
img_638.JPG,7
img_639.JPG,5
img_640.JPG,11
img_641.JPG,9
img_642.JPG,11
img_643.JPG,8
img_644.JPG,7
img_645.JPG,11
img_646.JPG,1
img_647.JPG,7
img_648.jpg,7
img_649.JPG,12
img_650.JPG,1
img_651.JPG,7
img_652.JPG,10
img_653.JPG,10
img_654.JPG,4
img_655.JPG,6
img_656.JPG,14
img_657.JPG,12
img_658.JPG,5
img_659.JPG,5
img_660.JPG,5
img_661.JPG,12
img_662.JPG,9
img_663.JPG,5
img_664.JPG,3
img_665.JPG,3
img_666.JPG,12
img_667.JPG,11
img_668.JPG,12
img_669.JPG,9
img_670.JPG,12
img_671.JPG,9
img_672.JPG,0
img_673.JPG,12
img_674.JPG,11
img_675.JPG,12
img_676.JPG,8
img_677.JPG,14
img_678.JPG,11
img_679.JPG,11
img_680.JPG,7
img_681.JPG,7
img_682.JPG,10
img_683.JPG,11
img_684.JPG,10
img_685.JPG,2
img_686.JPG,14
img_687.JPG,13
img_688.JPG,11
img_689.JPG,12
img_690.JPG,11
img_691.JPG,8
img_692.JPG,9
img_693.JPG,5
img_694.JPG,10
img_695.JPG,8
img_696.JPG,11
img_697.JPG,12
img_698.JPG,14
img_699.JPG,5
img_700.JPG,1
img_701.JPG,3
img_702.JPG,11
img_703.JPG,12
img_704.JPG,7
img_705.JPG,12
img_706.JPG,3
img_707.JPG,1
img_708.JPG,7
img_709.JPG,5
img_710.JPG,10
img_711.JPG,6
img_712.JPG,12
img_713.JPG,13
img_714.JPG,5
img_715.JPG,12
img_716.JPG,7
img_717.JPG,12
img_718.JPG,0
img_719.JPG,10
img_720.JPG,11
img_721.JPG,6
img_722.JPG,11
img_723.JPG,7
img_724.JPG,12
img_725.JPG,5
img_726.JPG,3
img_727.JPG,8
img_728.JPG,13
img_729.JPG,3
img_730.JPG,6
img_731.JPG,12
img_732.JPG,0
img_733.JPG,0
img_734.JPG,10
img_735.JPG,12
img_736.JPG,3
img_737.JPG,10
img_738.JPG,12
img_739.JPG,5
img_740.JPG,14
img_741.JPG,1
img_742.JPG,11
img_743.JPG,9
img_744.JPG,2
img_745.JPG,5
img_746.JPG,5
img_747.JPG,9
img_748.JPG,14
img_749.JPG,12
img_750.JPG,11
img_751.JPG,3
img_752.JPG,9
img_753.JPG,8
img_754.JPG,3
img_755.JPG,9
img_756.JPG,12
img_757.JPG,13
img_758.JPG,1
img_759.JPG,0
img_760.JPG,8
img_761.JPG,1
img_762.JPG,14
img_763.JPG,3
img_764.JPG,11
img_765.JPG,11
img_766.JPG,2
img_767.JPG,12
img_768.JPG,12
img_769.JPG,0
img_770.JPG,3
img_771.JPG,7
img_772.JPG,6
img_773.JPG,12
img_774.JPG,9
img_775.JPG,9
img_776.JPG,0
img_777.JPG,7
img_778.JPG,6
img_779.JPG,9
img_780.JPG,5
img_781.JPG,8
img_782.JPG,7
img_783.JPG,0
img_784.JPG,1
img_785.JPG,10
img_786.JPG,11
img_787.JPG,2
img_788.JPG,6
img_789.JPG,2
img_790.JPG,7
img_791.JPG,10
img_792.JPG,4
img_793.JPG,7
img_794.JPG,6
img_795.JPG,12
img_796.JPG,9
img_797.JPG,7
img_798.JPG,7
img_799.JPG,1
img_800.JPG,6
img_801.JPG,11
img_802.JPG,9
img_803.JPG,12
img_804.JPG,11
img_805.JPG,6
img_806.JPG,11
img_807.JPG,6
img_808.JPG,11
img_809.JPG,10
img_810.JPG,10
img_811.JPG,12
img_812.JPG,12
img_813.JPG,7
img_814.JPG,9
img_815.JPG,1
img_816.JPG,10
img_817.JPG,12
img_818.JPG,5
img_819.JPG,1
img_820.JPG,11
img_821.JPG,0
img_822.JPG,11
img_823.JPG,0
img_824.JPG,12
img_825.JPG,14
img_826.JPG,14
img_827.JPG,9
img_828.JPG,13
img_829.JPG,5
img_830.JPG,1
img_831.JPG,11
img_832.JPG,12
img_833.JPG,12
img_834.JPG,10
img_835.JPG,14
img_836.JPG,14
img_837.JPG,14
img_838.JPG,7
img_839.JPG,7
img_840.JPG,5
img_841.JPG,6
img_842.JPG,8
img_843.JPG,11
img_844.JPG,5
img_845.JPG,3
img_846.JPG,3
img_847.JPG,9
img_848.JPG,12
img_849.JPG,8
img_850.JPG,10
img_851.JPG,8
img_852.JPG,3
img_853.JPG,3
img_854.JPG,2
img_855.JPG,5
img_856.JPG,5
img_857.JPG,2
img_858.JPG,11
img_859.JPG,8
img_860.JPG,9
img_861.JPG,10
img_862.JPG,11
img_863.JPG,7
img_864.JPG,14
img_865.JPG,2
img_866.JPG,5
img_867.JPG,6
img_868.JPG,14
img_869.JPG,12
img_870.JPG,7
img_871.JPG,7
img_872.JPG,5
img_873.JPG,2
img_874.JPG,9
img_875.JPG,1
img_876.JPG,1
img_877.JPG,14
img_878.JPG,8
img_879.JPG,12
img_880.JPG,7
img_881.JPG,3
img_882.JPG,1
img_883.JPG,9
img_884.JPG,7
img_885.JPG,14
img_886.JPG,3
img_887.JPG,5
img_888.JPG,14
img_889.JPG,0
img_890.JPG,3
img_891.JPG,12
img_892.JPG,10
img_893.JPG,9
img_894.JPG,9
img_895.JPG,5
img_896.JPG,12
img_897.JPG,12
img_898.JPG,3
img_899.JPG,2
img_900.JPG,10
img_901.JPG,14
img_902.JPG,5
img_903.JPG,1
img_904.JPG,3
img_905.JPG,1
img_906.JPG,6
img_907.JPG,12
img_908.JPG,12
img_909.JPG,7
img_910.JPG,5
img_911.JPG,5
img_912.JPG,10
img_913.JPG,1
img_914.JPG,11
img_915.JPG,7
img_916.JPG,12
img_917.JPG,6
img_918.JPG,11
img_919.JPG,9
img_920.JPG,11
img_921.JPG,11
img_922.JPG,11
img_923.JPG,10
img_924.JPG,8
img_925.JPG,12
img_926.JPG,7
img_927.JPG,1
img_928.JPG,12
img_929.JPG,9
img_930.JPG,5
img_931.JPG,5
img_932.JPG,11
img_933.JPG,8
img_934.JPG,14
img_935.JPG,12
img_936.JPG,1
img_937.JPG,12
img_938.JPG,0
img_939.JPG,8
img_940.JPG,9
img_941.JPG,5
img_942.JPG,10
img_943.JPG,12
img_944.JPG,5
img_945.JPG,12
img_946.JPG,11
img_947.JPG,10
img_948.JPG,9
img_949.JPG,14
img_950.JPG,10
img_951.JPG,12
img_952.JPG,7
img_953.JPG,2
img_954.JPG,10
img_955.JPG,11
img_956.JPG,12
img_957.JPG,11
img_958.JPG,1
img_959.JPG,6
img_960.JPG,7
img_961.JPG,9
img_962.JPG,12
img_963.JPG,10
img_964.JPG,14
img_965.JPG,10
img_966.JPG,11
img_967.JPG,7
img_968.JPG,10
img_969.JPG,2
img_970.JPG,12
img_971.JPG,14
img_972.JPG,11
img_973.JPG,1
img_974.JPG,9
img_975.JPG,5
img_976.JPG,6
img_977.JPG,12
img_978.JPG,1
img_979.JPG,12
img_980.JPG,12
img_981.JPG,12
img_982.JPG,7
img_983.JPG,12
img_984.JPG,3
img_985.JPG,1
img_986.JPG,7
img_987.JPG,10
img_988.JPG,7
img_989.jpg,7
img_990.JPG,11
img_991.JPG,6
img_992.JPG,12
img_993.JPG,4
img_994.JPG,8
img_995.JPG,12
img_996.JPG,12
img_997.JPG,12
img_998.JPG,14
img_999.JPG,1
img_1000.JPG,14
img_1001.JPG,12
img_1002.JPG,12
img_1003.JPG,6
img_1004.JPG,13
img_1005.JPG,0
img_1006.JPG,1
img_1007.JPG,7
img_1008.JPG,11
img_1009.JPG,7
img_1010.JPG,1
img_1011.JPG,14
img_1012.JPG,14
img_1013.JPG,12
img_1014.JPG,1
img_1015.JPG,12
img_1016.JPG,12
img_1017.JPG,2
img_1018.JPG,7
img_1019.JPG,11
img_1020.JPG,5
img_1021.JPG,8
img_1022.JPG,14
img_1023.JPG,12
img_1024.JPG,1
img_1025.JPG,10
img_1026.JPG,10
img_1027.JPG,5
img_1028.JPG,0
img_1029.JPG,10
img_1030.JPG,10
img_1031.JPG,5
img_1032.JPG,5
img_1033.JPG,9
img_1034.JPG,11
img_1035.JPG,8
img_1036.jpg,7
img_1037.JPG,3
img_1038.JPG,1
img_1039.JPG,1
img_1040.JPG,10
img_1041.JPG,1
img_1042.JPG,1
img_1043.JPG,10
img_1044.JPG,12
img_1045.JPG,14
img_1046.JPG,10
img_1047.JPG,7
img_1048.JPG,1
img_1049.JPG,12
img_1050.JPG,12
img_1051.JPG,7
img_1052.JPG,2
img_1053.JPG,1
img_1054.JPG,10
img_1055.JPG,0
img_1056.JPG,7
img_1057.JPG,12
img_1058.JPG,9
img_1059.JPG,7
img_1060.JPG,10
img_1061.JPG,10
img_1062.JPG,3
img_1063.JPG,3
img_1064.JPG,5
img_1065.JPG,0
img_1066.JPG,14
img_1067.JPG,14
img_1068.JPG,11
img_1069.JPG,12
img_1070.JPG,10
img_1071.JPG,10
img_1072.JPG,9
img_1073.JPG,14
img_1074.JPG,8
img_1075.JPG,12
img_1076.JPG,10
img_1077.JPG,5
img_1078.JPG,2
img_1079.JPG,5
img_1080.JPG,10
img_1081.jpg,7
img_1082.JPG,6
img_1083.JPG,7
img_1084.JPG,10
img_1085.JPG,8
img_1086.JPG,1
img_1087.JPG,9
img_1088.JPG,10
img_1089.JPG,9
img_1090.JPG,8
img_1091.JPG,6
img_1092.JPG,2
img_1093.JPG,12
img_1094.JPG,6
img_1095.JPG,12
img_1096.JPG,9
img_1097.JPG,0
img_1098.JPG,5
img_1099.JPG,3
img_1100.JPG,8
img_1101.JPG,5
img_1102.JPG,14
img_1103.JPG,9
img_1104.JPG,5
img_1105.JPG,10
img_1106.JPG,9
img_1107.JPG,2
img_1108.JPG,0
img_1109.JPG,9
img_1110.JPG,14
img_1111.JPG,5
img_1112.JPG,5
img_1113.JPG,14
img_1114.JPG,9
img_1115.JPG,10
img_1116.JPG,6
img_1117.JPG,12
img_1118.JPG,1
img_1119.JPG,12
img_1120.JPG,1
img_1121.JPG,11
img_1122.JPG,10
img_1123.JPG,9
img_1124.JPG,5
img_1125.JPG,12
img_1126.JPG,9
img_1127.JPG,7
img_1128.JPG,6
img_1129.JPG,3
img_1130.JPG,5
img_1131.JPG,10
img_1132.JPG,10
img_1133.JPG,14
img_1134.JPG,8
img_1135.JPG,11
img_1136.JPG,5
img_1137.JPG,10
img_1138.JPG,8
img_1139.JPG,12
img_1140.JPG,11
img_1141.JPG,5
img_1142.JPG,10
img_1143.JPG,6
img_1144.JPG,11
img_1145.JPG,9
img_1146.JPG,7
img_1147.JPG,8
img_1148.JPG,7
img_1149.jpg,7
img_1150.JPG,2
img_1151.JPG,11
img_1152.JPG,7
img_1153.JPG,2
img_1154.JPG,0
img_1155.JPG,5
img_1156.JPG,12
img_1157.JPG,5
img_1158.JPG,0
img_1159.JPG,4
img_1160.JPG,3
img_1161.JPG,2
img_1162.JPG,5
img_1163.JPG,8
img_1164.JPG,12
img_1165.JPG,12
img_1166.JPG,3
img_1167.JPG,11
img_1168.JPG,7
img_1169.JPG,14
img_1170.JPG,14
img_1171.JPG,2
img_1172.JPG,6
img_1173.JPG,14
img_1174.JPG,8
img_1175.JPG,1
img_1176.JPG,8
img_1177.JPG,10
img_1178.JPG,6
img_1179.JPG,8
img_1180.JPG,12
img_1181.JPG,12
img_1182.JPG,7
img_1183.JPG,14
img_1184.JPG,5
img_1185.JPG,6
img_1186.JPG,0
img_1187.JPG,1
img_1188.JPG,1
img_1189.JPG,7
img_1190.JPG,7
img_1191.JPG,8
img_1192.JPG,3
img_1193.JPG,14
img_1194.JPG,12
img_1195.JPG,7
img_1196.JPG,10
img_1197.JPG,14
img_1198.JPG,9
img_1199.JPG,3
img_1200.JPG,9
img_1201.JPG,5
img_1202.JPG,3
img_1203.JPG,6
img_1204.JPG,12
img_1205.JPG,6
img_1206.JPG,8
img_1207.JPG,12
img_1208.JPG,14
img_1209.JPG,14
img_1210.JPG,5
img_1211.JPG,3
img_1212.JPG,6
img_1213.JPG,5
img_1214.JPG,2
img_1215.JPG,5
img_1216.JPG,11
img_1217.JPG,11
img_1218.JPG,2
img_1219.JPG,12
img_1220.JPG,14
img_1221.JPG,1
img_1222.JPG,10
img_1223.JPG,12
img_1224.JPG,10
img_1225.JPG,10
img_1226.JPG,14
img_1227.JPG,11
img_1228.JPG,1
img_1229.JPG,11
img_1230.JPG,14
img_1231.JPG,6
img_1232.JPG,7
img_1233.JPG,6
img_1234.JPG,9
img_1235.JPG,6
img_1236.JPG,11
img_1237.JPG,2
img_1238.JPG,12
img_1239.JPG,5
img_1240.JPG,1
img_1241.JPG,5
img_1242.JPG,1
img_1243.JPG,5
img_1244.JPG,5
img_1245.JPG,3
img_1246.JPG,10
img_1247.JPG,10
img_1248.JPG,7
img_1249.JPG,12
img_1250.JPG,3
img_1251.JPG,14
img_1252.JPG,10
img_1253.JPG,13
img_1254.JPG,11
img_1255.JPG,7
img_1256.JPG,5
img_1257.JPG,14
img_1258.JPG,9
img_1259.JPG,14
img_1260.JPG,10
img_1261.JPG,13
img_1262.JPG,7
img_1263.JPG,9
img_1264.JPG,7
img_1265.JPG,1
img_1266.JPG,1
img_1267.JPG,3
img_1268.JPG,5
img_1269.JPG,11
img_1270.JPG,13
img_1271.JPG,1
img_1272.JPG,13
img_1273.JPG,7
img_1274.JPG,10
img_1275.JPG,6
img_1276.JPG,6
img_1277.JPG,7
img_1278.JPG,11
img_1279.JPG,5
img_1280.JPG,5
img_1281.JPG,7
img_1282.JPG,7
img_1283.JPG,5
img_1284.JPG,9
img_1285.JPG,12
img_1286.JPG,9
img_1287.JPG,5
img_1288.JPG,0
img_1289.JPG,12
img_1290.JPG,8
img_1291.JPG,9
img_1292.JPG,14
img_1293.JPG,5
img_1294.JPG,5
img_1295.JPG,10
img_1296.JPG,5
img_1297.JPG,12
img_1298.jpg,7
img_1299.JPG,9
img_1300.JPG,5
img_1301.JPG,9
img_1302.JPG,14
img_1303.JPG,12
img_1304.jpg,7
img_1305.JPG,11
img_1306.JPG,9
img_1307.JPG,10
img_1308.JPG,5
img_1309.JPG,1
img_1310.JPG,12
img_1311.JPG,14
img_1312.JPG,2
img_1313.JPG,6
img_1314.JPG,2
img_1315.JPG,8
img_1316.JPG,3
img_1317.JPG,1
img_1318.JPG,5
img_1319.JPG,5
img_1320.JPG,12
img_1321.JPG,3
img_1322.JPG,11
img_1323.JPG,11
img_1324.JPG,1
img_1325.JPG,7
img_1326.JPG,7
img_1327.JPG,9
img_1328.JPG,1
img_1329.JPG,10
img_1330.JPG,3
img_1331.JPG,2
img_1332.JPG,11
img_1333.JPG,5
img_1334.JPG,11
img_1335.JPG,3
img_1336.JPG,0
img_1337.JPG,7
img_1338.JPG,1
img_1339.JPG,8
img_1340.JPG,3
img_1341.JPG,5
img_1342.JPG,11
img_1343.JPG,0
img_1344.JPG,12
img_1345.JPG,10
img_1346.JPG,12
img_1347.JPG,12
img_1348.JPG,6
img_1349.JPG,13
img_1350.JPG,3
img_1351.JPG,10
img_1352.JPG,11
img_1353.JPG,8
img_1354.JPG,14
img_1355.JPG,7
img_1356.JPG,11
img_1357.JPG,0
img_1358.JPG,8
img_1359.JPG,5
img_1360.JPG,8
img_1361.JPG,9
img_1362.JPG,12
img_1363.JPG,3
img_1364.JPG,14
img_1365.JPG,1
img_1366.JPG,0
img_1367.JPG,7
img_1368.JPG,12
img_1369.JPG,12
img_1370.JPG,0
img_1371.JPG,7
img_1372.JPG,8
img_1373.JPG,5
img_1374.JPG,14
img_1375.JPG,12
img_1376.JPG,3
img_1377.JPG,14
img_1378.JPG,12
img_1379.JPG,10
img_1380.JPG,14
img_1381.JPG,3
img_1382.JPG,14
img_1383.JPG,10
img_1384.JPG,14
img_1385.JPG,12
img_1386.JPG,12
img_1387.JPG,7
img_1388.JPG,5
img_1389.JPG,12
img_1390.JPG,3
img_1391.JPG,12
img_1392.JPG,8
img_1393.JPG,11
img_1394.JPG,13
img_1395.JPG,11
img_1396.JPG,14
img_1397.JPG,7
img_1398.JPG,3
img_1399.JPG,8
img_1400.JPG,5
img_1401.JPG,0
img_1402.JPG,12
img_1403.JPG,5
img_1404.JPG,9
img_1405.JPG,14
img_1406.JPG,1
img_1407.JPG,2
img_1408.JPG,2
img_1409.JPG,1
img_1410.JPG,6
img_1411.JPG,10
img_1412.JPG,7
img_1413.JPG,7
img_1414.JPG,5
img_1415.JPG,1
img_1416.JPG,2
img_1417.JPG,2
img_1418.JPG,5
img_1419.JPG,14
img_1420.JPG,0
img_1421.JPG,11
img_1422.JPG,1
img_1423.JPG,12
img_1424.JPG,12
img_1425.JPG,11
img_1426.JPG,7
img_1427.JPG,6
img_1428.JPG,12
img_1429.JPG,11
img_1430.JPG,8
img_1431.JPG,10
img_1432.JPG,5
img_1433.JPG,7
img_1434.JPG,10
img_1435.JPG,5
img_1436.JPG,14
img_1437.JPG,7
img_1438.JPG,7
img_1439.JPG,5
img_1440.JPG,0
img_1441.JPG,14
img_1442.JPG,5
img_1443.JPG,12
img_1444.JPG,12
img_1445.JPG,12
img_1446.JPG,5
img_1447.JPG,12
img_1448.JPG,6
img_1449.JPG,13
img_1450.JPG,10
img_1451.JPG,7
img_1452.JPG,11
img_1453.JPG,0
img_1454.JPG,12
img_1455.JPG,9
img_1456.JPG,6
img_1457.JPG,2
img_1458.JPG,13
img_1459.JPG,5
img_1460.JPG,5
img_1461.JPG,5
img_1462.JPG,6
img_1463.JPG,8
img_1464.JPG,10
img_1465.JPG,11
img_1466.JPG,7
img_1467.JPG,6
img_1468.JPG,7
img_1469.JPG,4
img_1470.JPG,9
img_1471.JPG,12
img_1472.JPG,11
img_1473.JPG,8
img_1474.JPG,11
img_1475.JPG,11
img_1476.JPG,7
img_1477.JPG,1
img_1478.JPG,3
img_1479.JPG,13
img_1480.JPG,7
img_1481.JPG,10
img_1482.JPG,12
img_1483.JPG,3
img_1484.JPG,1
img_1485.JPG,0
img_1486.JPG,14
img_1487.JPG,7
img_1488.JPG,10
img_1489.JPG,12
img_1490.JPG,10
img_1491.JPG,11
img_1492.JPG,5
img_1493.JPG,11
img_1494.JPG,12
img_1495.JPG,8
img_1496.JPG,0
img_1497.JPG,3
img_1498.JPG,3
img_1499.JPG,0
img_1500.JPG,10
img_1501.JPG,0
img_1502.JPG,12
img_1503.JPG,5
img_1504.JPG,12
img_1505.JPG,12
img_1506.JPG,11
img_1507.JPG,3
img_1508.JPG,9
img_1509.JPG,12
img_1510.JPG,7
img_1511.JPG,3
img_1512.JPG,2
img_1513.JPG,5
img_1514.JPG,3
img_1515.JPG,0
img_1516.JPG,9
img_1517.JPG,12
img_1518.JPG,14
img_1519.JPG,9
img_1520.JPG,9
img_1521.JPG,9
img_1522.JPG,0
img_1523.JPG,7
img_1524.JPG,7
img_1525.JPG,7
img_1526.JPG,12
img_1527.JPG,13
img_1528.JPG,6
img_1529.JPG,2
img_1530.JPG,14
img_1531.JPG,14
img_1532.JPG,7
img_1533.JPG,0
img_1534.JPG,0
img_1535.JPG,5
img_1536.JPG,14
img_1537.JPG,9
img_1538.JPG,6
img_1539.JPG,6
img_1540.JPG,7
img_1541.JPG,5
img_1542.JPG,12
img_1543.JPG,7
img_1544.JPG,9
img_1545.JPG,3
img_1546.jpg,7
img_1547.JPG,12
img_1548.JPG,4
img_1549.JPG,5
img_1550.JPG,11
img_1551.JPG,8
img_1552.JPG,12
img_1553.JPG,5
img_1554.JPG,5
img_1555.JPG,3
img_1556.JPG,5
img_1557.JPG,1
img_1558.JPG,7
img_1559.JPG,2
img_1560.JPG,11
img_1561.JPG,8
img_1562.JPG,10
img_1563.JPG,3
img_1564.JPG,1
img_1565.JPG,9
img_1566.JPG,6
img_1567.JPG,12
img_1568.JPG,14
img_1569.JPG,5
img_1570.JPG,5
img_1571.JPG,11
img_1572.JPG,11
img_1573.JPG,8
img_1574.JPG,1
img_1575.JPG,10
img_1576.JPG,11
img_1577.JPG,3
img_1578.JPG,2
img_1579.JPG,5
img_1580.JPG,12
img_1581.JPG,5
img_1582.JPG,6
img_1583.JPG,7
img_1584.JPG,1
img_1585.JPG,3
img_1586.JPG,5
img_1587.JPG,0
img_1588.JPG,9
img_1589.JPG,10
img_1590.JPG,6
img_1591.JPG,5
img_1592.JPG,11
img_1593.JPG,2
img_1594.JPG,11
img_1595.JPG,12
img_1596.JPG,12
img_1597.JPG,3
img_1598.JPG,1
img_1599.JPG,9
img_1600.JPG,12
img_1601.JPG,1
img_1602.JPG,7
img_1603.JPG,13
img_1604.JPG,9
img_1605.JPG,9
img_1606.JPG,12
img_1607.JPG,10
img_1608.JPG,14
img_1609.JPG,3
img_1610.JPG,5
img_1611.JPG,10
img_1612.JPG,7
img_1613.JPG,12
img_1614.JPG,7
img_1615.JPG,9
img_1616.JPG,11
img_1617.JPG,5
img_1618.JPG,14
img_1619.JPG,12
img_1620.JPG,7
img_1621.JPG,6
img_1622.JPG,5
img_1623.JPG,12
img_1624.JPG,10
img_1625.JPG,11
img_1626.JPG,5
img_1627.JPG,8
img_1628.JPG,5
img_1629.JPG,14
img_1630.JPG,9
img_1631.JPG,3
img_1632.JPG,11
img_1633.JPG,6
img_1634.JPG,14
img_1635.JPG,9
img_1636.JPG,5
img_1637.JPG,10
img_1638.JPG,11
img_1639.JPG,3
img_1640.JPG,8
img_1641.JPG,14
img_1642.JPG,12
img_1643.JPG,12
img_1644.JPG,12
img_1645.JPG,8
img_1646.JPG,8
img_1647.JPG,9
img_1648.JPG,14
img_1649.JPG,9
img_1650.JPG,9
img_1651.JPG,11
img_1652.JPG,2
img_1653.JPG,7
img_1654.JPG,2
img_1655.JPG,9
img_1656.JPG,0
img_1657.JPG,5
img_1658.JPG,1
img_1659.JPG,14
img_1660.JPG,2
img_1661.JPG,3
img_1662.JPG,9
img_1663.JPG,12
img_1664.JPG,11
img_1665.JPG,10
img_1666.JPG,12
img_1667.JPG,12
img_1668.JPG,12
img_1669.JPG,5
img_1670.JPG,7
img_1671.JPG,1
img_1672.JPG,0
img_1673.JPG,10
img_1674.JPG,1
img_1675.JPG,11
img_1676.JPG,1
img_1677.JPG,0
img_1678.JPG,12
img_1679.JPG,12
img_1680.JPG,0
img_1681.JPG,11
img_1682.JPG,12
img_1683.JPG,2
img_1684.JPG,11
img_1685.JPG,12
img_1686.JPG,12
img_1687.JPG,12
img_1688.JPG,5
img_1689.JPG,10
img_1690.JPG,3
img_1691.JPG,1
img_1692.JPG,3
img_1693.JPG,9
img_1694.JPG,1
img_1695.JPG,6
img_1696.JPG,13
img_1697.JPG,7
img_1698.JPG,12
img_1699.JPG,9
img_1700.JPG,8
img_1701.JPG,12
img_1702.JPG,1
img_1703.JPG,10
img_1704.JPG,3
img_1705.JPG,12
img_1706.JPG,8
img_1707.JPG,1
img_1708.JPG,12
img_1709.JPG,11
img_1710.JPG,7
img_1711.JPG,11
img_1712.JPG,11
img_1713.JPG,3
img_1714.JPG,9
img_1715.JPG,8
img_1716.JPG,7
img_1717.JPG,14
img_1718.JPG,3
img_1719.JPG,10
img_1720.JPG,7
img_1721.JPG,2
img_1722.JPG,7
img_1723.JPG,12
img_1724.JPG,3
img_1725.JPG,12
img_1726.JPG,3
img_1727.JPG,6
img_1728.JPG,14
img_1729.JPG,0
img_1730.JPG,11
img_1731.JPG,10
img_1732.JPG,14
img_1733.JPG,5
img_1734.JPG,5
img_1735.JPG,8
img_1736.JPG,9
img_1737.JPG,1
img_1738.JPG,12
img_1739.JPG,8
img_1740.JPG,12
img_1741.JPG,7
img_1742.JPG,11
img_1743.JPG,9
img_1744.JPG,5
img_1745.JPG,7
img_1746.JPG,11
img_1747.JPG,12
img_1748.JPG,12
img_1749.JPG,5
img_1750.JPG,2
img_1751.JPG,12
img_1752.JPG,5
img_1753.JPG,14
img_1754.JPG,9
img_1755.JPG,7
img_1756.JPG,8
img_1757.JPG,7
img_1758.JPG,7
img_1759.JPG,12
img_1760.JPG,14
img_1761.JPG,1
img_1762.JPG,12
img_1763.JPG,12
img_1764.JPG,5
img_1765.JPG,10
img_1766.JPG,12
img_1767.JPG,5
img_1768.JPG,1
img_1769.JPG,6
img_1770.JPG,11
img_1771.JPG,13
img_1772.JPG,9
img_1773.JPG,5
img_1774.JPG,10
img_1775.JPG,11
img_1776.JPG,5
img_1777.JPG,14
img_1778.JPG,7
img_1779.JPG,14
img_1780.JPG,1
img_1781.JPG,11
img_1782.JPG,10
img_1783.JPG,0
img_1784.JPG,7
img_1785.JPG,14
img_1786.JPG,9
img_1787.JPG,8
img_1788.JPG,1
img_1789.JPG,11
img_1790.JPG,1
img_1791.JPG,12
img_1792.JPG,12
img_1793.JPG,1
img_1794.JPG,7
img_1795.JPG,14
img_1796.JPG,0
img_1797.JPG,12
img_1798.JPG,10
img_1799.JPG,3
img_1800.JPG,11
img_1801.JPG,11
img_1802.JPG,1
img_1803.JPG,1
img_1804.JPG,1
img_1805.JPG,12
img_1806.JPG,12
img_1807.JPG,7
img_1808.JPG,14
img_1809.JPG,7
img_1810.JPG,10
img_1811.JPG,10
img_1812.JPG,7
img_1813.JPG,11
img_1814.JPG,9
img_1815.JPG,12
img_1816.JPG,9
img_1817.JPG,1
img_1818.JPG,6
img_1819.JPG,10
img_1820.JPG,9
img_1821.JPG,10
img_1822.JPG,12
img_1823.JPG,7
img_1824.JPG,12
img_1825.JPG,10
img_1826.JPG,14
img_1827.JPG,14
img_1828.JPG,14
img_1829.JPG,7
img_1830.JPG,1
img_1831.JPG,5
img_1832.JPG,9
img_1833.JPG,3
img_1834.JPG,14
img_1835.JPG,5
img_1836.JPG,14
img_1837.jpg,7
img_1838.JPG,8
img_1839.JPG,11
img_1840.JPG,3
img_1841.JPG,5
img_1842.JPG,10
img_1843.JPG,5
img_1844.JPG,12
img_1845.JPG,12
img_1846.JPG,12
img_1847.JPG,6
img_1848.JPG,12
img_1849.JPG,10
img_1850.JPG,5
img_1851.JPG,2
img_1852.JPG,14
img_1853.JPG,14
img_1854.JPG,12
img_1855.JPG,1
img_1856.JPG,12
img_1857.JPG,12
img_1858.JPG,14
img_1859.JPG,12
img_1860.JPG,5
img_1861.JPG,12
img_1862.JPG,11
img_1863.JPG,7
img_1864.JPG,1
img_1865.JPG,14
img_1866.JPG,14
img_1867.JPG,1
img_1868.JPG,12
img_1869.JPG,5
img_1870.JPG,8
img_1871.JPG,0
img_1872.JPG,5
img_1873.JPG,10
img_1874.JPG,7
img_1875.JPG,12
img_1876.JPG,1
img_1877.JPG,11
img_1878.JPG,10
img_1879.JPG,7
img_1880.JPG,6
img_1881.JPG,14
img_1882.JPG,11
img_1883.JPG,1
img_1884.JPG,5
img_1885.JPG,1
img_1886.JPG,3
img_1887.JPG,12
img_1888.JPG,12
img_1889.JPG,10
img_1890.JPG,5
img_1891.JPG,1
img_1892.JPG,1
img_1893.JPG,5
img_1894.JPG,9
img_1895.JPG,12
img_1896.JPG,0
img_1897.JPG,10
img_1898.JPG,12
img_1899.JPG,14
img_1900.JPG,5
img_1901.JPG,1
img_1902.JPG,12
img_1903.JPG,10
img_1904.JPG,14
img_1905.JPG,1
img_1906.JPG,9
img_1907.JPG,12
img_1908.JPG,11
img_1909.JPG,5
img_1910.JPG,12
img_1911.JPG,7
img_1912.JPG,3
img_1913.JPG,5
img_1914.JPG,7
img_1915.JPG,5
img_1916.JPG,7
img_1917.JPG,1
img_1918.JPG,14
img_1919.JPG,3
img_1920.JPG,13
img_1921.JPG,9
img_1922.JPG,8
img_1923.JPG,5
img_1924.JPG,8
img_1925.JPG,1
img_1926.JPG,5
img_1927.JPG,1
img_1928.JPG,14
img_1929.JPG,14
img_1930.JPG,11
img_1931.JPG,5
img_1932.JPG,7
img_1933.JPG,5
img_1934.JPG,9
img_1935.JPG,5
img_1936.JPG,11
img_1937.JPG,9
img_1938.JPG,7
img_1939.JPG,6
img_1940.JPG,12
img_1941.JPG,12
img_1942.JPG,9
img_1943.JPG,14
img_1944.JPG,11
img_1945.JPG,11
img_1946.JPG,12
img_1947.JPG,8
img_1948.JPG,5
img_1949.JPG,7
img_1950.JPG,3
img_1951.JPG,12
img_1952.JPG,10
img_1953.JPG,12
img_1954.JPG,9
img_1955.JPG,1
img_1956.JPG,12
img_1957.JPG,3
img_1958.JPG,1
img_1959.JPG,14
img_1960.JPG,11
img_1961.JPG,10
img_1962.JPG,10
img_1963.JPG,7
img_1964.JPG,1
img_1965.JPG,11
img_1966.JPG,11
img_1967.JPG,7
img_1968.JPG,1
img_1969.JPG,2
img_1970.JPG,1
img_1971.JPG,13
img_1972.JPG,5
img_1973.JPG,12
img_1974.JPG,5
img_1975.JPG,7
img_1976.JPG,12
img_1977.JPG,9
img_1978.JPG,12
img_1979.JPG,1
img_1980.JPG,1
img_1981.JPG,12
img_1982.JPG,3
img_1983.JPG,9
img_1984.JPG,7
img_1985.JPG,10
img_1986.JPG,7
img_1987.JPG,3
img_1988.JPG,5
img_1989.JPG,12
img_1990.JPG,12
img_1991.JPG,8
img_1992.JPG,14
img_1993.JPG,12
img_1994.JPG,6
img_1995.JPG,14
img_1996.JPG,2
img_1997.JPG,8
img_1998.JPG,11
img_1999.JPG,10
img_2000.JPG,12
img_2001.JPG,10
img_2002.JPG,12
img_2003.JPG,12
img_2004.JPG,12
img_2005.JPG,12
img_2006.JPG,5
img_2007.JPG,5
img_2008.JPG,0
img_2009.JPG,2
img_2010.JPG,7
img_2011.JPG,9
img_2012.JPG,3
img_2013.JPG,3
img_2014.JPG,12
img_2015.JPG,3
img_2016.JPG,7
img_2017.JPG,5
img_2018.JPG,2
img_2019.JPG,9
img_2020.JPG,6
img_2021.JPG,10
img_2022.JPG,2
img_2023.JPG,12
img_2024.JPG,7
img_2025.JPG,9
img_2026.JPG,5
img_2027.JPG,0
img_2028.JPG,3
img_2029.JPG,9
img_2030.JPG,10
img_2031.JPG,7
img_2032.JPG,5
img_2033.JPG,12
img_2034.JPG,11
img_2035.JPG,2
img_2036.JPG,5
img_2037.JPG,1
img_2038.JPG,10
img_2039.JPG,14
img_2040.JPG,4
img_2041.JPG,11
img_2042.JPG,10
img_2043.JPG,3
img_2044.JPG,10
img_2045.JPG,2
img_2046.JPG,9
img_2047.JPG,7
img_2048.JPG,2
img_2049.JPG,5
img_2050.JPG,12
img_2051.JPG,10
img_2052.JPG,7
img_2053.JPG,1
img_2054.JPG,7
img_2055.JPG,11
img_2056.JPG,12
img_2057.JPG,9
img_2058.JPG,12
img_2059.JPG,9
img_2060.JPG,2
img_2061.JPG,13
img_2062.JPG,2
img_2063.JPG,6
img_2064.JPG,10
img_2065.JPG,12
img_2066.JPG,1
img_2067.JPG,3
img_2068.JPG,7
img_2069.JPG,6
img_2070.JPG,7
img_2071.JPG,12
img_2072.JPG,8
img_2073.JPG,9
img_2074.JPG,10
img_2075.JPG,5
img_2076.JPG,2
img_2077.JPG,1
img_2078.JPG,5
img_2079.JPG,14
img_2080.JPG,5
img_2081.JPG,12
img_2082.JPG,10
img_2083.JPG,8
img_2084.JPG,11
img_2085.JPG,10
img_2086.JPG,12
img_2087.JPG,8
img_2088.JPG,9
img_2089.JPG,12
img_2090.JPG,2
img_2091.JPG,8
img_2092.JPG,4
img_2093.JPG,12
img_2094.JPG,7
img_2095.JPG,7
img_2096.JPG,12
img_2097.JPG,5
img_2098.JPG,12
img_2099.JPG,12
img_2100.JPG,9
img_2101.JPG,12
img_2102.JPG,11
img_2103.JPG,14
img_2104.JPG,9
img_2105.JPG,10
img_2106.JPG,12
img_2107.JPG,3
img_2108.JPG,11
img_2109.JPG,9
img_2110.JPG,3
img_2111.JPG,12
img_2112.JPG,14
img_2113.JPG,5
img_2114.JPG,1
img_2115.JPG,7
img_2116.JPG,0
img_2117.JPG,11
img_2118.JPG,1
img_2119.JPG,9
img_2120.JPG,13
img_2121.JPG,12
img_2122.JPG,7
img_2123.JPG,12
img_2124.JPG,14
img_2125.JPG,7
img_2126.JPG,10
img_2127.JPG,5
img_2128.JPG,11
img_2129.JPG,0
img_2130.JPG,3
img_2131.JPG,9
img_2132.JPG,12
img_2133.JPG,12
img_2134.JPG,13
img_2135.JPG,14
img_2136.JPG,0
img_2137.JPG,3
img_2138.JPG,0
img_2139.JPG,0
img_2140.JPG,3
img_2141.JPG,14
img_2142.JPG,0
img_2143.JPG,14
img_2144.JPG,9
img_2145.JPG,4
img_2146.JPG,14
img_2147.JPG,0
img_2148.JPG,12
img_2149.JPG,12
img_2150.JPG,10
img_2151.JPG,14
img_2152.JPG,9
img_2153.JPG,9
img_2154.JPG,3
img_2155.JPG,5
img_2156.jpg,7
img_2157.JPG,5
img_2158.JPG,6
img_2159.JPG,8
img_2160.JPG,9
img_2161.JPG,14
img_2162.JPG,7
img_2163.JPG,9
img_2164.JPG,3
img_2165.JPG,5
img_2166.JPG,12
img_2167.JPG,2
img_2168.JPG,10
img_2169.JPG,12
img_2170.JPG,12
img_2171.JPG,5
img_2172.JPG,7
img_2173.JPG,9
img_2174.JPG,8
img_2175.JPG,6
img_2176.JPG,1
img_2177.JPG,12
img_2178.JPG,6
img_2179.JPG,1
img_2180.JPG,9
img_2181.JPG,2
img_2182.JPG,12
img_2183.JPG,2
img_2184.JPG,14
img_2185.JPG,10
img_2186.JPG,12
img_2187.JPG,12
img_2188.JPG,12
img_2189.JPG,10
img_2190.JPG,13
img_2191.JPG,11
img_2192.JPG,5
img_2193.JPG,12
img_2194.JPG,11
img_2195.JPG,13
img_2196.JPG,12
img_2197.JPG,7
img_2198.JPG,14
img_2199.JPG,9
img_2200.JPG,10
img_2201.JPG,14
img_2202.JPG,6
img_2203.JPG,12
img_2204.JPG,11
img_2205.JPG,12
img_2206.JPG,12
img_2207.JPG,12
img_2208.JPG,8
img_2209.JPG,3
img_2210.jpg,7
img_2211.JPG,5
img_2212.JPG,11
img_2213.JPG,0
img_2214.JPG,5
img_2215.JPG,6
img_2216.JPG,9
img_2217.JPG,10
img_2218.JPG,2
img_2219.JPG,2
img_2220.JPG,12
img_2221.JPG,1
img_2222.JPG,7
img_2223.JPG,3
img_2224.JPG,9
img_2225.JPG,1
img_2226.JPG,6
img_2227.JPG,10
img_2228.JPG,5
img_2229.JPG,1
img_2230.JPG,5
img_2231.JPG,4
img_2232.JPG,14
img_2233.JPG,1
img_2234.JPG,3
img_2235.JPG,7
img_2236.JPG,11
img_2237.JPG,14
img_2238.JPG,7
img_2239.JPG,1
img_2240.JPG,5
img_2241.JPG,11
img_2242.JPG,7
img_2243.JPG,11
img_2244.JPG,14
img_2245.JPG,0
img_2246.JPG,7
img_2247.JPG,3
img_2248.JPG,14
img_2249.JPG,1
img_2250.JPG,1
img_2251.JPG,5
img_2252.JPG,7
img_2253.JPG,11
img_2254.JPG,10
img_2255.JPG,12
img_2256.JPG,9
img_2257.JPG,7
img_2258.JPG,6
img_2259.JPG,5
img_2260.JPG,9
img_2261.JPG,0
img_2262.JPG,9
img_2263.JPG,12
img_2264.JPG,12
img_2265.JPG,2
img_2266.JPG,8
img_2267.JPG,12
img_2268.JPG,1
img_2269.JPG,12
img_2270.JPG,6
img_2271.JPG,12
img_2272.JPG,5
img_2273.JPG,9
img_2274.JPG,8
img_2275.JPG,12
img_2276.JPG,9
img_2277.JPG,7
img_2278.JPG,5
img_2279.JPG,11
img_2280.JPG,11
img_2281.JPG,5
img_2282.JPG,1
img_2283.JPG,9
img_2284.JPG,13
img_2285.JPG,5
img_2286.JPG,11
img_2287.JPG,2
img_2288.JPG,8
img_2289.JPG,9
img_2290.JPG,12
img_2291.JPG,5
img_2292.JPG,2
img_2293.JPG,13
img_2294.JPG,9
img_2295.JPG,8
img_2296.JPG,5
img_2297.JPG,12
img_2298.JPG,4
img_2299.JPG,8
img_2300.JPG,7
img_2301.JPG,9
img_2302.JPG,12
img_2303.JPG,11
img_2304.JPG,9
img_2305.JPG,11
img_2306.JPG,12
img_2307.JPG,1
img_2308.JPG,1
img_2309.JPG,11
img_2310.JPG,9
img_2311.JPG,12
img_2312.JPG,10
img_2313.JPG,2
img_2314.JPG,11
img_2315.JPG,0
img_2316.JPG,1
img_2317.JPG,12
img_2318.JPG,5
img_2319.JPG,1
img_2320.JPG,10
img_2321.JPG,10
img_2322.JPG,14
img_2323.JPG,2
img_2324.JPG,8
img_2325.JPG,14
img_2326.JPG,12
img_2327.JPG,3
img_2328.JPG,7
img_2329.JPG,3
img_2330.JPG,10
img_2331.JPG,9
img_2332.JPG,3
img_2333.JPG,5
img_2334.JPG,12
img_2335.JPG,7
img_2336.JPG,1
img_2337.JPG,3
img_2338.JPG,3
img_2339.JPG,5
img_2340.JPG,12
img_2341.JPG,12
img_2342.JPG,7
img_2343.JPG,12
img_2344.JPG,13
img_2345.JPG,11
img_2346.JPG,12
img_2347.JPG,14
img_2348.JPG,2
img_2349.JPG,12
img_2350.JPG,5
img_2351.JPG,11
img_2352.JPG,5
img_2353.JPG,12
img_2354.JPG,11
img_2355.JPG,1
img_2356.JPG,7
img_2357.JPG,10
img_2358.JPG,7
img_2359.JPG,10
img_2360.JPG,8
img_2361.JPG,6
img_2362.JPG,0
img_2363.JPG,14
img_2364.JPG,2
img_2365.JPG,9
img_2366.JPG,10
img_2367.JPG,9
img_2368.JPG,8
img_2369.JPG,7
img_2370.JPG,7
img_2371.JPG,10
img_2372.JPG,4
img_2373.JPG,5
img_2374.JPG,1
img_2375.JPG,12
img_2376.JPG,1
img_2377.JPG,11
img_2378.JPG,14
img_2379.JPG,10
img_2380.JPG,9
img_2381.JPG,5
img_2382.JPG,13
img_2383.JPG,5
img_2384.JPG,12
img_2385.JPG,13
img_2386.JPG,6
img_2387.JPG,9
img_2388.JPG,5
img_2389.JPG,7
img_2390.JPG,3
img_2391.JPG,7
img_2392.JPG,9
img_2393.JPG,8
img_2394.JPG,3
img_2395.JPG,12
img_2396.JPG,14
img_2397.JPG,1
img_2398.JPG,11
img_2399.JPG,9
img_2400.JPG,7
img_2401.JPG,9
img_2402.JPG,4
img_2403.JPG,10
img_2404.JPG,1
img_2405.JPG,12
img_2406.JPG,9
img_2407.JPG,12
img_2408.JPG,8
img_2409.JPG,5
img_2410.JPG,6
img_2411.JPG,7
img_2412.JPG,7
img_2413.JPG,12
img_2414.JPG,9
img_2415.JPG,2
img_2416.JPG,1
img_2417.JPG,7
img_2418.JPG,14
img_2419.JPG,5
img_2420.JPG,7
img_2421.JPG,12
img_2422.JPG,8
img_2423.JPG,10
img_2424.JPG,14
img_2425.JPG,12
img_2426.JPG,1
img_2427.JPG,3
img_2428.JPG,12
img_2429.JPG,12
img_2430.JPG,5
img_2431.JPG,11
img_2432.JPG,7
img_2433.JPG,10
img_2434.JPG,9
img_2435.JPG,12
img_2436.JPG,9
img_2437.JPG,5
img_2438.JPG,14
img_2439.JPG,5
img_2440.JPG,14
img_2441.JPG,7
img_2442.JPG,5
img_2443.JPG,12
img_2444.JPG,5
img_2445.JPG,11
img_2446.JPG,10
img_2447.JPG,9
img_2448.JPG,0
img_2449.JPG,5
img_2450.JPG,1
img_2451.JPG,0
img_2452.JPG,10
img_2453.JPG,14
img_2454.JPG,5
img_2455.JPG,5
img_2456.JPG,0
img_2457.JPG,14
img_2458.JPG,8
img_2459.jpg,7
img_2460.JPG,2
img_2461.JPG,14
img_2462.JPG,12
img_2463.JPG,8
img_2464.JPG,11
img_2465.JPG,3
img_2466.JPG,6
img_2467.JPG,6
img_2468.JPG,7
img_2469.JPG,7
img_2470.JPG,14
img_2471.JPG,12
img_2472.JPG,5
img_2473.JPG,0
img_2474.JPG,5
img_2475.JPG,0
img_2476.JPG,12
img_2477.JPG,10
img_2478.JPG,2
img_2479.JPG,11
img_2480.JPG,1
img_2481.JPG,10
img_2482.JPG,11
img_2483.JPG,1
img_2484.JPG,3
img_2485.JPG,1
img_2486.JPG,1
img_2487.JPG,5
img_2488.JPG,9
img_2489.JPG,3
img_2490.JPG,10
img_2491.JPG,5
img_2492.JPG,11
img_2493.JPG,5
img_2494.JPG,7
img_2495.JPG,11
img_2496.JPG,10
img_2497.JPG,12
img_2498.JPG,3
img_2499.JPG,14
img_2500.JPG,6
img_2501.JPG,14
img_2502.JPG,7
img_2503.JPG,7
img_2504.JPG,11
img_2505.JPG,1
img_2506.JPG,9
img_2507.JPG,9
img_2508.JPG,1
img_2509.JPG,1
img_2510.JPG,12
img_2511.JPG,5
img_2512.JPG,1
img_2513.JPG,9
img_2514.JPG,2
img_2515.JPG,9
img_2516.JPG,9
img_2517.JPG,14
img_2518.JPG,14
img_2519.JPG,5
img_2520.JPG,12
img_2521.JPG,7
img_2522.JPG,11
img_2523.JPG,8
img_2524.JPG,14
img_2525.JPG,12
img_2526.JPG,12
img_2527.JPG,8
img_2528.JPG,14
img_2529.JPG,13
img_2530.JPG,12
img_2531.JPG,10
img_2532.JPG,13
img_2533.JPG,12
img_2534.JPG,14
img_2535.JPG,12
img_2536.JPG,10
img_2537.JPG,11
img_2538.JPG,11
img_2539.JPG,12
img_2540.JPG,5
img_2541.JPG,14
img_2542.JPG,0
img_2543.JPG,11
img_2544.JPG,2
img_2545.JPG,2
img_2546.JPG,0
img_2547.JPG,10
img_2548.JPG,2
img_2549.JPG,8
img_2550.JPG,12
img_2551.JPG,12
img_2552.JPG,8
img_2553.JPG,12
img_2554.JPG,3
img_2555.JPG,14
img_2556.JPG,10
img_2557.JPG,3
img_2558.JPG,14
img_2559.JPG,9
img_2560.JPG,8
img_2561.JPG,1
img_2562.JPG,7
img_2563.JPG,12
img_2564.JPG,3
img_2565.JPG,2
img_2566.JPG,5
img_2567.JPG,12
img_2568.JPG,5
img_2569.JPG,3
img_2570.JPG,2
img_2571.JPG,13
img_2572.JPG,12
img_2573.JPG,11
img_2574.JPG,9
img_2575.JPG,1
img_2576.JPG,14
img_2577.JPG,8
img_2578.JPG,14
img_2579.JPG,12
img_2580.JPG,12
img_2581.JPG,6
img_2582.JPG,14
img_2583.JPG,14
img_2584.JPG,3
img_2585.JPG,9
img_2586.JPG,7
img_2587.JPG,7
img_2588.JPG,5
img_2589.JPG,1
img_2590.JPG,2
img_2591.JPG,8
img_2592.JPG,9
img_2593.JPG,1
img_2594.JPG,12
img_2595.JPG,5
img_2596.JPG,3
img_2597.JPG,8
img_2598.JPG,6
img_2599.JPG,10
img_2600.JPG,12
img_2601.JPG,10
img_2602.JPG,7
img_2603.JPG,1
img_2604.JPG,0
img_2605.JPG,10
img_2606.JPG,7
img_2607.JPG,3
img_2608.JPG,2
img_2609.JPG,5
img_2610.JPG,7
img_2611.JPG,12
img_2612.JPG,9
img_2613.JPG,14
img_2614.JPG,5
img_2615.JPG,12
img_2616.JPG,1
img_2617.JPG,14
img_2618.JPG,5
img_2619.JPG,5
img_2620.JPG,9
img_2621.JPG,1
img_2622.JPG,10
img_2623.JPG,5
img_2624.JPG,5
img_2625.JPG,5
img_2626.JPG,1
img_2627.JPG,10
img_2628.JPG,5
img_2629.JPG,9
img_2630.JPG,12
img_2631.JPG,9
img_2632.JPG,11
img_2633.JPG,12
img_2634.JPG,14
img_2635.JPG,6
img_2636.JPG,1
img_2637.JPG,12
img_2638.JPG,11
img_2639.JPG,12
img_2640.JPG,3
img_2641.JPG,1
img_2642.JPG,13
img_2643.JPG,7
img_2644.JPG,1
img_2645.JPG,5
img_2646.JPG,2
img_2647.JPG,1
img_2648.JPG,12
img_2649.JPG,13
img_2650.JPG,8
img_2651.JPG,2
img_2652.JPG,5
img_2653.JPG,10
img_2654.JPG,3
img_2655.JPG,12
img_2656.JPG,10
img_2657.JPG,11
img_2658.JPG,12
img_2659.JPG,5
img_2660.JPG,9
img_2661.JPG,7
img_2662.JPG,3
img_2663.JPG,12
img_2664.JPG,5
img_2665.jpg,7
img_2666.JPG,14
img_2667.JPG,7
img_2668.JPG,9
img_2669.JPG,6
img_2670.JPG,5
img_2671.JPG,7
img_2672.JPG,1
img_2673.JPG,2
img_2674.JPG,2
img_2675.JPG,5
img_2676.JPG,14
img_2677.JPG,9
img_2678.JPG,2
img_2679.JPG,6
img_2680.JPG,3
img_2681.JPG,9
img_2682.JPG,1
img_2683.JPG,11
img_2684.JPG,2
img_2685.JPG,14
img_2686.JPG,1
img_2687.JPG,12
img_2688.JPG,3
img_2689.JPG,7
img_2690.JPG,7
img_2691.JPG,14
img_2692.JPG,3
img_2693.JPG,7
img_2694.JPG,14
img_2695.JPG,9
img_2696.JPG,2
img_2697.JPG,13
img_2698.JPG,12
img_2699.JPG,12
img_2700.JPG,3
img_2701.JPG,7
img_2702.JPG,10
img_2703.JPG,14
img_2704.JPG,2
img_2705.JPG,2
img_2706.JPG,5
img_2707.JPG,11
img_2708.JPG,12
img_2709.JPG,5
img_2710.JPG,3
img_2711.JPG,1
img_2712.JPG,12
img_2713.JPG,11
img_2714.JPG,12
img_2715.JPG,12
img_2716.JPG,1
img_2717.JPG,7
img_2718.JPG,14
img_2719.JPG,6
img_2720.JPG,3
img_2721.JPG,11
img_2722.JPG,13
img_2723.JPG,0
img_2724.JPG,12
img_2725.JPG,8
img_2726.JPG,5
img_2727.JPG,10
img_2728.JPG,0
img_2729.JPG,14
img_2730.JPG,12
img_2731.JPG,9
img_2732.JPG,9
img_2733.JPG,11
img_2734.JPG,12
img_2735.JPG,9
img_2736.JPG,14
img_2737.JPG,14
img_2738.JPG,7
img_2739.JPG,12
img_2740.JPG,9
img_2741.JPG,14
img_2742.JPG,8
img_2743.JPG,10
img_2744.JPG,12
img_2745.JPG,1
img_2746.JPG,2
img_2747.JPG,12
img_2748.JPG,1
img_2749.JPG,6
img_2750.JPG,10
img_2751.JPG,2
img_2752.JPG,7
img_2753.JPG,3
img_2754.JPG,9
img_2755.JPG,10
img_2756.JPG,12
img_2757.JPG,12
img_2758.JPG,14
img_2759.JPG,12
img_2760.JPG,3
img_2761.JPG,1
img_2762.JPG,9
img_2763.JPG,8
img_2764.JPG,14
img_2765.JPG,1
img_2766.JPG,3
img_2767.JPG,7
img_2768.JPG,2
img_2769.JPG,1
img_2770.JPG,5
img_2771.JPG,10
img_2772.JPG,7
img_2773.JPG,14
img_2774.JPG,5
img_2775.JPG,5
img_2776.JPG,1
img_2777.JPG,12
img_2778.JPG,14
img_2779.JPG,12
img_2780.JPG,14
img_2781.jpg,7
img_2782.JPG,2
img_2783.JPG,6
img_2784.JPG,11
img_2785.JPG,10
img_2786.JPG,10
img_2787.JPG,9
img_2788.JPG,8
img_2789.JPG,1
img_2790.JPG,10
img_2791.JPG,6
img_2792.JPG,12
img_2793.JPG,7
img_2794.JPG,3
img_2795.JPG,9
img_2796.JPG,14
img_2797.JPG,10
img_2798.JPG,13
img_2799.JPG,14
img_2800.JPG,3
img_2801.JPG,11
img_2802.JPG,8
img_2803.JPG,13
img_2804.JPG,5
img_2805.JPG,10
img_2806.JPG,11
img_2807.JPG,11
img_2808.JPG,6
img_2809.JPG,11
img_2810.JPG,3
img_2811.JPG,11
img_2812.JPG,7
img_2813.JPG,0
img_2814.JPG,7
img_2815.JPG,5
img_2816.JPG,9
img_2817.JPG,5
img_2818.JPG,9
img_2819.JPG,10
img_2820.JPG,6
img_2821.JPG,9
img_2822.JPG,3
img_2823.JPG,2
img_2824.JPG,1
img_2825.JPG,10
img_2826.JPG,8
img_2827.JPG,5
img_2828.JPG,11
img_2829.JPG,14
img_2830.JPG,0
img_2831.JPG,10
img_2832.JPG,9
img_2833.JPG,2
img_2834.JPG,12
img_2835.JPG,6
img_2836.JPG,5
img_2837.JPG,5
img_2838.jpg,7
img_2839.JPG,12
img_2840.JPG,3
img_2841.JPG,5
img_2842.JPG,14
img_2843.JPG,0
img_2844.JPG,12
img_2845.JPG,10
img_2846.JPG,0
img_2847.JPG,12
img_2848.JPG,7
img_2849.JPG,11
img_2850.JPG,11
img_2851.JPG,0
img_2852.JPG,0
img_2853.JPG,0
img_2854.JPG,10
img_2855.JPG,7
img_2856.JPG,9
img_2857.JPG,12
img_2858.JPG,1
img_2859.JPG,11
img_2860.JPG,8
img_2861.JPG,1
img_2862.JPG,1
img_2863.JPG,11
img_2864.JPG,9
img_2865.JPG,10
img_2866.JPG,1
img_2867.JPG,1
img_2868.JPG,10
img_2869.JPG,7
img_2870.JPG,10
img_2871.JPG,6
img_2872.JPG,5
img_2873.JPG,3
img_2874.JPG,14
img_2875.JPG,12
img_2876.JPG,5
img_2877.JPG,9
img_2878.JPG,12
img_2879.JPG,9
img_2880.JPG,0
img_2881.JPG,14
img_2882.JPG,3
img_2883.JPG,13
img_2884.JPG,9
img_2885.JPG,12
img_2886.JPG,11
img_2887.JPG,1
img_2888.JPG,5
img_2889.JPG,1
img_2890.JPG,10
img_2891.JPG,3
img_2892.JPG,9
img_2893.JPG,11
img_2894.JPG,12
img_2895.JPG,7
img_2896.JPG,14
img_2897.JPG,10
img_2898.JPG,4
img_2899.JPG,5
img_2900.JPG,5
img_2901.JPG,5
img_2902.JPG,5
img_2903.JPG,2
img_2904.JPG,9
img_2905.JPG,14
img_2906.JPG,5
img_2907.JPG,7
img_2908.JPG,12
img_2909.JPG,6
img_2910.JPG,0
img_2911.JPG,12
img_2912.JPG,13
img_2913.JPG,7
img_2914.JPG,7
img_2915.JPG,10
img_2916.JPG,5
img_2917.JPG,10
img_2918.jpg,7
img_2919.JPG,9
img_2920.JPG,12
img_2921.JPG,12
img_2922.JPG,5
img_2923.JPG,10
img_2924.JPG,9
img_2925.JPG,10
img_2926.JPG,14
img_2927.JPG,10
img_2928.JPG,9
img_2929.JPG,10
img_2930.JPG,7
img_2931.JPG,14
img_2932.JPG,8
img_2933.JPG,10
img_2934.JPG,1
img_2935.JPG,9
img_2936.JPG,7
img_2937.JPG,1
img_2938.JPG,5
img_2939.JPG,2
img_2940.JPG,7
img_2941.JPG,1
img_2942.JPG,5
img_2943.JPG,12
img_2944.JPG,14
img_2945.JPG,7
img_2946.JPG,5
img_2947.JPG,14
img_2948.JPG,7
img_2949.JPG,14
img_2950.JPG,8
img_2951.JPG,11
img_2952.JPG,9
img_2953.JPG,2
img_2954.JPG,12
img_2955.JPG,8
img_2956.JPG,3
img_2957.JPG,2
img_2958.JPG,14
img_2959.JPG,1
img_2960.JPG,7
img_2961.JPG,2
img_2962.JPG,14
img_2963.JPG,8
img_2964.JPG,12
img_2965.JPG,6
img_2966.JPG,0
img_2967.JPG,9
img_2968.JPG,8
img_2969.JPG,5
img_2970.JPG,7
img_2971.JPG,5
img_2972.JPG,12
img_2973.JPG,12
img_2974.JPG,8
img_2975.JPG,7
img_2976.JPG,1
img_2977.JPG,5
img_2978.JPG,10
img_2979.JPG,5
img_2980.JPG,0
img_2981.JPG,10
img_2982.JPG,11
img_2983.JPG,10
img_2984.JPG,12
img_2985.JPG,11
img_2986.JPG,12
img_2987.JPG,7
img_2988.JPG,2
img_2989.JPG,10
img_2990.JPG,2
img_2991.JPG,10
img_2992.JPG,1
img_2993.JPG,10
img_2994.JPG,5
img_2995.JPG,14
img_2996.JPG,3
img_2997.JPG,9
img_2998.JPG,9
img_2999.JPG,7
img_3000.JPG,12
img_3001.JPG,6
img_3002.JPG,13
img_3003.JPG,6
img_3004.JPG,8
img_3005.JPG,12
img_3006.JPG,12
img_3007.JPG,11
img_3008.JPG,1
img_3009.JPG,14
img_3010.JPG,1
img_3011.JPG,3
img_3012.JPG,7
img_3013.JPG,10
img_3014.JPG,0
img_3015.JPG,14
img_3016.JPG,5
img_3017.JPG,12
img_3018.JPG,5
img_3019.JPG,11
img_3020.JPG,1
img_3021.JPG,7
img_3022.JPG,9
img_3023.JPG,2
img_3024.JPG,10
img_3025.JPG,1
img_3026.JPG,3
img_3027.JPG,6
img_3028.JPG,14
img_3029.JPG,2
img_3030.JPG,12
img_3031.JPG,7
img_3032.JPG,12
img_3033.JPG,14
img_3034.JPG,6
img_3035.JPG,6
img_3036.JPG,9
img_3037.JPG,12
img_3038.JPG,10
img_3039.JPG,6
img_3040.JPG,10
img_3041.JPG,7
img_3042.JPG,6
img_3043.JPG,12
img_3044.JPG,10
img_3045.JPG,11
img_3046.JPG,11
img_3047.JPG,3
img_3048.JPG,8
img_3049.JPG,2
img_3050.JPG,14
img_3051.JPG,12
img_3052.JPG,14
img_3053.JPG,6
img_3054.JPG,5
img_3055.JPG,5
img_3056.JPG,11
img_3057.JPG,9
img_3058.JPG,5
img_3059.JPG,7
img_3060.JPG,10
img_3061.JPG,1
img_3062.JPG,11
img_3063.JPG,14
img_3064.JPG,10
img_3065.JPG,14
img_3066.JPG,1
img_3067.JPG,14
img_3068.JPG,2
img_3069.JPG,12
img_3070.JPG,5
img_3071.JPG,0
img_3072.JPG,6
img_3073.JPG,0
img_3074.JPG,12
img_3075.JPG,12
img_3076.JPG,12
img_3077.JPG,7
img_3078.JPG,10
img_3079.JPG,6
img_3080.JPG,10
img_3081.JPG,12
img_3082.JPG,13
img_3083.JPG,6
img_3084.JPG,8
img_3085.JPG,2
img_3086.JPG,2
img_3087.JPG,13
img_3088.JPG,14
img_3089.JPG,5
img_3090.JPG,10
img_3091.JPG,12
img_3092.JPG,8
img_3093.JPG,5
img_3094.JPG,7
img_3095.JPG,7
img_3096.JPG,3
img_3097.JPG,10
img_3098.JPG,10
img_3099.JPG,11
img_3100.JPG,7
img_3101.JPG,9
img_3102.JPG,10
img_3103.JPG,11
img_3104.JPG,2
img_3105.JPG,7
img_3106.JPG,14
img_3107.JPG,3
img_3108.JPG,6
img_3109.JPG,4
img_3110.JPG,5
img_3111.JPG,8
img_3112.JPG,1
img_3113.JPG,7
img_3114.JPG,8
img_3115.JPG,6
img_3116.JPG,1
img_3117.JPG,10
img_3118.JPG,12
img_3119.JPG,7
img_3120.JPG,12
img_3121.JPG,13
img_3122.JPG,6
img_3123.JPG,10
img_3124.JPG,0
img_3125.JPG,9
img_3126.JPG,5
img_3127.JPG,10
img_3128.JPG,12
img_3129.JPG,8
img_3130.JPG,5
img_3131.JPG,2
img_3132.JPG,11
img_3133.JPG,7
img_3134.JPG,11
img_3135.JPG,11
img_3136.JPG,1
img_3137.JPG,12
img_3138.JPG,3
img_3139.JPG,5
img_3140.JPG,9
img_3141.JPG,12
img_3142.JPG,7
img_3143.JPG,14
img_3144.JPG,0
img_3145.JPG,9
img_3146.JPG,12
img_3147.JPG,10
img_3148.JPG,14
img_3149.JPG,5
img_3150.JPG,5
img_3151.JPG,9
img_3152.JPG,1
img_3153.JPG,14
img_3154.JPG,12
img_3155.JPG,8
img_3156.JPG,11
img_3157.JPG,11
img_3158.JPG,2
img_3159.JPG,12
img_3160.JPG,4
img_3161.JPG,3
img_3162.jpg,7
img_3163.JPG,9
img_3164.JPG,12
img_3165.JPG,5
img_3166.JPG,12
img_3167.JPG,14
img_3168.JPG,14
img_3169.JPG,11
img_3170.JPG,5
img_3171.JPG,5
img_3172.JPG,7
img_3173.JPG,5
img_3174.JPG,3
img_3175.JPG,12
img_3176.JPG,11
img_3177.JPG,13
img_3178.JPG,5
img_3179.JPG,7
img_3180.JPG,7
img_3181.JPG,12
img_3182.JPG,5
img_3183.JPG,8
img_3184.JPG,8
img_3185.JPG,3
img_3186.JPG,7
img_3187.JPG,7
img_3188.JPG,13
img_3189.JPG,9
img_3190.JPG,14
img_3191.JPG,11
img_3192.JPG,11
img_3193.JPG,14
img_3194.JPG,3
img_3195.JPG,14
img_3196.JPG,12
img_3197.JPG,9
img_3198.JPG,5
img_3199.JPG,6
img_3200.JPG,2
img_3201.JPG,1
img_3202.JPG,12
img_3203.JPG,12
img_3204.JPG,11
img_3205.JPG,14
img_3206.JPG,14
img_3207.JPG,0
img_3208.JPG,9
img_3209.JPG,14
img_3210.JPG,0
img_3211.JPG,12
img_3212.JPG,12
img_3213.JPG,8
img_3214.JPG,12
img_3215.JPG,10
img_3216.JPG,12
img_3217.JPG,9
img_3218.JPG,3
img_3219.JPG,12
img_3220.JPG,10
img_3221.JPG,2
img_3222.JPG,8
img_3223.JPG,7
img_3224.JPG,9
img_3225.JPG,14
img_3226.JPG,12
img_3227.JPG,12
img_3228.JPG,9
img_3229.JPG,9
img_3230.JPG,12
img_3231.JPG,14
img_3232.JPG,6
img_3233.JPG,6
img_3234.JPG,12
img_3235.JPG,5
img_3236.JPG,8
img_3237.JPG,9
img_3238.JPG,1
img_3239.JPG,5
img_3240.JPG,12
img_3241.JPG,10
img_3242.JPG,2
img_3243.JPG,7
img_3244.JPG,14
img_3245.JPG,7
img_3246.JPG,11
img_3247.JPG,12
img_3248.JPG,5
img_3249.JPG,12
img_3250.JPG,12
img_3251.JPG,8
img_3252.JPG,14
img_3253.JPG,12
img_3254.JPG,0
img_3255.JPG,1
img_3256.JPG,13
img_3257.JPG,9
img_3258.JPG,9
img_3259.JPG,5
img_3260.JPG,2
img_3261.JPG,12
img_3262.JPG,7
img_3263.JPG,12
img_3264.JPG,14
img_3265.JPG,12
img_3266.JPG,8
img_3267.JPG,10
img_3268.JPG,5
img_3269.JPG,1
img_3270.JPG,9
img_3271.JPG,10
img_3272.JPG,10
img_3273.JPG,7
img_3274.JPG,12
img_3275.JPG,8
img_3276.JPG,6
img_3277.JPG,14
img_3278.JPG,3
img_3279.JPG,2
img_3280.JPG,10
img_3281.JPG,11
img_3282.JPG,3
img_3283.JPG,11
img_3284.JPG,1
img_3285.JPG,8
img_3286.JPG,12
img_3287.JPG,12
img_3288.JPG,6
img_3289.JPG,10
img_3290.JPG,9
img_3291.JPG,13
img_3292.JPG,10
img_3293.JPG,12
img_3294.JPG,7
img_3295.JPG,5
img_3296.JPG,2
img_3297.JPG,0
img_3298.JPG,13
img_3299.JPG,9
img_3300.JPG,8
img_3301.JPG,12
img_3302.JPG,10
img_3303.JPG,5
img_3304.JPG,10
img_3305.JPG,14
img_3306.JPG,9
img_3307.JPG,7
img_3308.JPG,8
img_3309.JPG,2
img_3310.JPG,6
img_3311.JPG,9
img_3312.JPG,12
img_3313.JPG,10
img_3314.JPG,2
img_3315.JPG,12
img_3316.JPG,5
img_3317.JPG,9
img_3318.JPG,12
img_3319.JPG,0
img_3320.JPG,3
img_3321.JPG,6
img_3322.JPG,11
img_3323.JPG,5
img_3324.JPG,5
img_3325.JPG,7
img_3326.JPG,4
img_3327.JPG,1
img_3328.JPG,9
img_3329.JPG,6
img_3330.JPG,9
img_3331.JPG,4
img_3332.JPG,9
img_3333.JPG,5
img_3334.JPG,7
img_3335.JPG,3
img_3336.JPG,7
img_3337.JPG,10
img_3338.JPG,7
img_3339.JPG,11
img_3340.JPG,7
img_3341.JPG,3
img_3342.JPG,3
img_3343.JPG,8
img_3344.JPG,7
img_3345.JPG,5
img_3346.JPG,14
img_3347.JPG,14
img_3348.JPG,6
img_3349.JPG,12
img_3350.JPG,8
img_3351.JPG,12
img_3352.JPG,1
img_3353.JPG,7
img_3354.JPG,12
img_3355.JPG,0
img_3356.JPG,9
img_3357.JPG,6
img_3358.JPG,10
img_3359.JPG,0
img_3360.JPG,12
img_3361.JPG,2
img_3362.JPG,5
img_3363.JPG,2
img_3364.JPG,5
img_3365.JPG,6
img_3366.JPG,3
img_3367.JPG,5
img_3368.JPG,7
img_3369.JPG,11
img_3370.JPG,11
img_3371.JPG,7
img_3372.JPG,7
img_3373.JPG,5
img_3374.JPG,7
img_3375.JPG,7
img_3376.JPG,6
img_3377.JPG,13
img_3378.JPG,14
img_3379.JPG,12
img_3380.JPG,5
img_3381.JPG,0
img_3382.JPG,5
img_3383.JPG,2
img_3384.JPG,3
img_3385.JPG,1
img_3386.JPG,2
img_3387.JPG,9
img_3388.JPG,5
img_3389.JPG,5
img_3390.JPG,13
img_3391.JPG,9
img_3392.JPG,11
img_3393.JPG,8
img_3394.JPG,11
img_3395.JPG,5
img_3396.JPG,1
img_3397.JPG,12
img_3398.JPG,14
img_3399.JPG,7
img_3400.JPG,4
img_3401.JPG,5
img_3402.JPG,0
img_3403.JPG,5
img_3404.JPG,8
img_3405.JPG,10
img_3406.JPG,12
img_3407.JPG,7
img_3408.JPG,12
img_3409.JPG,6
img_3410.JPG,1
img_3411.JPG,14
img_3412.JPG,8
img_3413.JPG,9
img_3414.JPG,10
img_3415.JPG,12
img_3416.JPG,6
img_3417.JPG,5
img_3418.JPG,14
img_3419.JPG,2
img_3420.JPG,12
img_3421.JPG,12
img_3422.JPG,8
img_3423.JPG,12
img_3424.JPG,9
img_3425.JPG,7
img_3426.JPG,5
img_3427.JPG,0
img_3428.JPG,6
img_3429.JPG,2
img_3430.JPG,1
img_3431.JPG,2
img_3432.JPG,0
img_3433.JPG,5
img_3434.JPG,10
img_3435.JPG,9
img_3436.JPG,10
img_3437.JPG,12
img_3438.JPG,7
img_3439.JPG,10
img_3440.JPG,11
img_3441.JPG,12
img_3442.JPG,6
img_3443.JPG,6
img_3444.JPG,12
img_3445.JPG,1
img_3446.JPG,5
img_3447.JPG,12
img_3448.JPG,2
img_3449.JPG,14
img_3450.JPG,8
img_3451.JPG,0
img_3452.JPG,12
img_3453.JPG,9
img_3454.JPG,2
img_3455.JPG,12
img_3456.JPG,8
img_3457.JPG,7
img_3458.JPG,12
img_3459.JPG,2
img_3460.JPG,6
img_3461.JPG,12
img_3462.JPG,8
img_3463.JPG,9
img_3464.JPG,5
img_3465.JPG,3
img_3466.JPG,8
img_3467.JPG,7
img_3468.JPG,0
img_3469.JPG,10
img_3470.JPG,8
img_3471.JPG,5
img_3472.JPG,1
img_3473.JPG,2
img_3474.JPG,9
img_3475.JPG,14
img_3476.JPG,2
img_3477.JPG,11
img_3478.JPG,2
img_3479.JPG,5
img_3480.JPG,10
img_3481.JPG,12
img_3482.JPG,14
img_3483.JPG,10
img_3484.JPG,13
img_3485.JPG,13
img_3486.JPG,1
img_3487.JPG,12
img_3488.JPG,9
img_3489.JPG,14
img_3490.JPG,14
img_3491.JPG,8
img_3492.JPG,9
img_3493.JPG,8
img_3494.JPG,1
img_3495.JPG,11
img_3496.JPG,1
img_3497.JPG,13
img_3498.JPG,5
img_3499.JPG,14
img_3500.JPG,14
img_3501.JPG,9
img_3502.JPG,1
img_3503.JPG,6
img_3504.JPG,13
img_3505.JPG,8
img_3506.JPG,1
img_3507.JPG,12
img_3508.JPG,12
img_3509.JPG,12
img_3510.JPG,6
img_3511.JPG,0
img_3512.JPG,9
img_3513.JPG,4
img_3514.JPG,3
img_3515.JPG,10
img_3516.JPG,3
img_3517.JPG,11
img_3518.JPG,0
img_3519.JPG,10
img_3520.JPG,7
img_3521.JPG,5
img_3522.JPG,12
img_3523.JPG,3
img_3524.JPG,7
img_3525.JPG,10
img_3526.JPG,7
img_3527.JPG,3
img_3528.JPG,10
img_3529.JPG,5
img_3530.JPG,0
img_3531.JPG,9
img_3532.JPG,12
img_3533.JPG,2
img_3534.JPG,12
img_3535.JPG,6
img_3536.JPG,9
img_3537.JPG,12
img_3538.JPG,12
img_3539.JPG,8
img_3540.JPG,1
img_3541.JPG,3
img_3542.JPG,3
img_3543.JPG,8
img_3544.JPG,1
img_3545.JPG,12
img_3546.JPG,10
img_3547.JPG,7
img_3548.JPG,9
img_3549.JPG,5
img_3550.JPG,9
img_3551.JPG,1
img_3552.JPG,10
img_3553.JPG,12
img_3554.JPG,11
img_3555.JPG,10
img_3556.JPG,14
img_3557.JPG,2
img_3558.JPG,3
img_3559.JPG,9
img_3560.JPG,3
img_3561.JPG,8
img_3562.JPG,2
img_3563.JPG,11
img_3564.JPG,12
img_3565.JPG,12
img_3566.JPG,12
img_3567.JPG,7
img_3568.JPG,10
img_3569.JPG,5
img_3570.JPG,8
img_3571.JPG,4
img_3572.JPG,6
img_3573.JPG,10
img_3574.JPG,5
img_3575.JPG,8
img_3576.JPG,12
img_3577.JPG,12
img_3578.JPG,11
img_3579.JPG,5
img_3580.JPG,7
img_3581.JPG,12
img_3582.JPG,11
img_3583.JPG,3
img_3584.JPG,5
img_3585.JPG,6
img_3586.JPG,5
img_3587.JPG,2
img_3588.JPG,3
img_3589.JPG,10
img_3590.JPG,1
img_3591.JPG,12
img_3592.JPG,5
img_3593.JPG,13
img_3594.JPG,5
img_3595.JPG,14
img_3596.JPG,12
img_3597.JPG,8
img_3598.JPG,1
img_3599.JPG,4
img_3600.JPG,12
img_3601.JPG,14
img_3602.JPG,11
img_3603.JPG,9
img_3604.JPG,10
img_3605.JPG,1
img_3606.JPG,5
img_3607.JPG,9
img_3608.JPG,10
img_3609.JPG,11
img_3610.JPG,14
img_3611.JPG,7
img_3612.JPG,12
img_3613.JPG,2
img_3614.JPG,14
img_3615.JPG,11
img_3616.JPG,5
img_3617.JPG,7
img_3618.JPG,13
img_3619.JPG,12
img_3620.JPG,5
img_3621.JPG,11
img_3622.JPG,0
img_3623.JPG,12
img_3624.JPG,12
img_3625.JPG,12
img_3626.JPG,14
img_3627.JPG,7
img_3628.JPG,0
img_3629.JPG,3
img_3630.JPG,13
img_3631.JPG,12
img_3632.JPG,11
img_3633.JPG,6
img_3634.JPG,5
img_3635.JPG,12
img_3636.JPG,2
img_3637.JPG,6
img_3638.JPG,11
img_3639.JPG,2
img_3640.JPG,0
img_3641.JPG,12
img_3642.JPG,12
img_3643.JPG,2
img_3644.JPG,5
img_3645.JPG,9
img_3646.JPG,1
img_3647.JPG,6
img_3648.JPG,10
img_3649.JPG,9
img_3650.JPG,2
img_3651.JPG,0
img_3652.JPG,14
img_3653.JPG,5
img_3654.JPG,12
img_3655.JPG,1
img_3656.JPG,5
img_3657.JPG,10
img_3658.JPG,5
img_3659.JPG,12
img_3660.JPG,3
img_3661.JPG,14
img_3662.JPG,13
img_3663.JPG,9
img_3664.JPG,12
img_3665.JPG,12
img_3666.JPG,3
img_3667.JPG,12
img_3668.JPG,14
img_3669.JPG,14
img_3670.JPG,12
img_3671.JPG,7
img_3672.JPG,6
img_3673.JPG,0
img_3674.JPG,1
img_3675.JPG,7
img_3676.jpg,7
img_3677.JPG,11
img_3678.JPG,12
img_3679.JPG,13
img_3680.JPG,6
img_3681.JPG,7
img_3682.JPG,11
img_3683.JPG,8
img_3684.JPG,0
img_3685.JPG,12
img_3686.JPG,13
img_3687.JPG,0
img_3688.JPG,8
img_3689.JPG,3
img_3690.JPG,12
img_3691.JPG,11
img_3692.JPG,6
img_3693.JPG,11
img_3694.JPG,12
img_3695.JPG,12
img_3696.JPG,3
img_3697.JPG,2
img_3698.JPG,6
img_3699.JPG,3
img_3700.JPG,3
img_3701.JPG,5
img_3702.JPG,9
img_3703.JPG,2
img_3704.JPG,3
img_3705.JPG,11
img_3706.JPG,11
img_3707.JPG,0
img_3708.JPG,5
img_3709.JPG,3
img_3710.JPG,14
img_3711.JPG,1
img_3712.JPG,6
img_3713.JPG,14
img_3714.JPG,5
img_3715.JPG,7
img_3716.JPG,1
img_3717.JPG,12
img_3718.JPG,2
img_3719.JPG,3
img_3720.JPG,5
img_3721.JPG,2
img_3722.JPG,13
img_3723.JPG,9
img_3724.JPG,12
img_3725.JPG,11
img_3726.JPG,2
img_3727.JPG,12
img_3728.JPG,7
img_3729.JPG,11
img_3730.JPG,12
img_3731.JPG,8
img_3732.JPG,9
img_3733.JPG,5
img_3734.JPG,7
img_3735.JPG,11
img_3736.JPG,10
img_3737.JPG,1
img_3738.JPG,6
img_3739.JPG,10
img_3740.JPG,11
img_3741.JPG,1
img_3742.JPG,14
img_3743.JPG,14
img_3744.JPG,12
img_3745.JPG,12
img_3746.JPG,12
img_3747.JPG,0
img_3748.JPG,9
img_3749.JPG,5
img_3750.JPG,12
img_3751.JPG,12
img_3752.JPG,12
img_3753.JPG,12
img_3754.JPG,12
img_3755.JPG,12
img_3756.JPG,2
img_3757.JPG,5
img_3758.JPG,1
img_3759.JPG,12
img_3760.JPG,14
img_3761.JPG,5
img_3762.JPG,14
img_3763.JPG,2
img_3764.JPG,5
img_3765.JPG,7
img_3766.JPG,10
img_3767.JPG,12
img_3768.JPG,10
img_3769.JPG,10
img_3770.JPG,1
img_3771.JPG,5
img_3772.JPG,3
img_3773.JPG,11
img_3774.JPG,11
img_3775.JPG,11
img_3776.JPG,12
img_3777.JPG,5
img_3778.JPG,10
img_3779.JPG,9
img_3780.JPG,7
img_3781.JPG,12
img_3782.JPG,5
img_3783.JPG,12
img_3784.JPG,12
img_3785.JPG,10
img_3786.JPG,7
img_3787.JPG,12
img_3788.JPG,3
img_3789.JPG,1
img_3790.JPG,7
img_3791.JPG,2
img_3792.JPG,11
img_3793.JPG,7
img_3794.JPG,8
img_3795.JPG,5
img_3796.JPG,9
img_3797.JPG,1
img_3798.JPG,10
img_3799.JPG,9
img_3800.JPG,7
img_3801.JPG,12
img_3802.JPG,12
img_3803.JPG,12
img_3804.JPG,7
img_3805.JPG,3
img_3806.JPG,14
img_3807.JPG,9
img_3808.JPG,12
img_3809.JPG,1
img_3810.JPG,5
img_3811.JPG,12
img_3812.JPG,9
img_3813.JPG,9
img_3814.JPG,5
img_3815.JPG,0
img_3816.JPG,6
img_3817.JPG,8
img_3818.JPG,1
img_3819.JPG,4
img_3820.JPG,11
img_3821.JPG,12
img_3822.JPG,3
img_3823.JPG,5
img_3824.JPG,11
img_3825.jpg,7
img_3826.JPG,10
img_3827.JPG,5
img_3828.JPG,4
img_3829.JPG,2
img_3830.JPG,5
img_3831.JPG,7
img_3832.JPG,14
img_3833.JPG,7
img_3834.JPG,5
img_3835.JPG,5
img_3836.JPG,11
img_3837.JPG,3
img_3838.JPG,4
img_3839.JPG,0
img_3840.JPG,7
img_3841.JPG,2
img_3842.JPG,6
img_3843.JPG,9
img_3844.JPG,2
img_3845.JPG,8
img_3846.JPG,1
img_3847.JPG,0
img_3848.JPG,7
img_3849.JPG,13
img_3850.JPG,10
img_3851.JPG,8
img_3852.JPG,12
img_3853.JPG,7
img_3854.JPG,3
img_3855.JPG,12
img_3856.JPG,14
img_3857.JPG,12
img_3858.JPG,14
img_3859.JPG,5
img_3860.JPG,14
img_3861.JPG,7
img_3862.JPG,14
img_3863.JPG,10
img_3864.JPG,2
img_3865.JPG,0
img_3866.JPG,11
img_3867.JPG,12
img_3868.JPG,3
img_3869.JPG,13
img_3870.JPG,8
img_3871.JPG,1
img_3872.JPG,2
img_3873.JPG,12
img_3874.JPG,1
img_3875.JPG,14
img_3876.JPG,11
img_3877.JPG,5
img_3878.JPG,0
img_3879.JPG,12
img_3880.JPG,12
img_3881.JPG,6
img_3882.jpg,7
img_3883.JPG,5
img_3884.JPG,9
img_3885.JPG,1
img_3886.JPG,11
img_3887.JPG,9
img_3888.JPG,10
img_3889.JPG,12
img_3890.JPG,9
img_3891.JPG,5
img_3892.JPG,12
img_3893.JPG,3
img_3894.JPG,8
img_3895.JPG,1
img_3896.JPG,7
img_3897.JPG,5
img_3898.JPG,2
img_3899.JPG,10
img_3900.JPG,11
img_3901.JPG,6
img_3902.JPG,10
img_3903.JPG,2
img_3904.JPG,13
img_3905.JPG,10
img_3906.JPG,1
img_3907.JPG,10
img_3908.JPG,10
img_3909.JPG,11
img_3910.JPG,8
img_3911.JPG,0
img_3912.JPG,5
img_3913.JPG,1
img_3914.JPG,12
img_3915.JPG,3
img_3916.JPG,2
img_3917.JPG,7
img_3918.JPG,1
img_3919.JPG,3
img_3920.JPG,3
img_3921.JPG,14
img_3922.jpg,7
img_3923.JPG,5
img_3924.JPG,8
img_3925.JPG,1
img_3926.JPG,5
img_3927.JPG,7
img_3928.JPG,7
img_3929.JPG,12
img_3930.JPG,13
img_3931.JPG,12
img_3932.JPG,10
img_3933.JPG,6
img_3934.JPG,3
img_3935.JPG,12
img_3936.JPG,6
img_3937.JPG,2
img_3938.JPG,11
img_3939.JPG,1
img_3940.JPG,2
img_3941.JPG,7
img_3942.JPG,7
img_3943.JPG,6
img_3944.JPG,9
img_3945.JPG,7
img_3946.JPG,10
img_3947.JPG,14
img_3948.JPG,14
img_3949.JPG,10
img_3950.JPG,9
img_3951.JPG,11
img_3952.JPG,14
img_3953.JPG,7
img_3954.JPG,12
img_3955.JPG,3
img_3956.JPG,14
img_3957.JPG,9
img_3958.JPG,5
img_3959.JPG,9
img_3960.JPG,0
img_3961.JPG,8
img_3962.JPG,3
img_3963.JPG,14
img_3964.JPG,0
img_3965.JPG,0
img_3966.JPG,8
img_3967.JPG,9
img_3968.JPG,5
img_3969.JPG,2
img_3970.JPG,11
img_3971.JPG,7
img_3972.JPG,9
img_3973.JPG,1
img_3974.JPG,8
img_3975.JPG,7
img_3976.JPG,9
img_3977.JPG,10
img_3978.JPG,11
img_3979.JPG,9
img_3980.JPG,12
img_3981.JPG,5
img_3982.JPG,5
img_3983.JPG,9
img_3984.JPG,7
img_3985.JPG,9
img_3986.JPG,2
img_3987.JPG,12
img_3988.JPG,12
img_3989.JPG,0
img_3990.JPG,12
img_3991.JPG,0
img_3992.JPG,10
img_3993.JPG,8
img_3994.JPG,6
img_3995.JPG,14
img_3996.JPG,12
img_3997.JPG,9
img_3998.JPG,12
img_3999.JPG,12
img_4000.JPG,4
img_4001.JPG,7
img_4002.JPG,10
img_4003.JPG,12
img_4004.JPG,8
img_4005.JPG,7
img_4006.JPG,7
img_4007.JPG,14
img_4008.JPG,8
img_4009.JPG,10
img_4010.JPG,10
img_4011.JPG,7
img_4012.JPG,5
img_4013.JPG,8
img_4014.JPG,7
img_4015.JPG,7
img_4016.JPG,5
img_4017.JPG,5
img_4018.JPG,9
img_4019.jpg,7
img_4020.JPG,1
img_4021.JPG,2
img_4022.JPG,5
img_4023.JPG,7
img_4024.JPG,2
img_4025.JPG,12
img_4026.JPG,3
img_4027.JPG,6
img_4028.JPG,14
img_4029.JPG,12
img_4030.JPG,8
img_4031.JPG,8
img_4032.JPG,9
img_4033.JPG,14
img_4034.JPG,3
img_4035.JPG,14
img_4036.JPG,9
img_4037.JPG,12
img_4038.JPG,9
img_4039.JPG,8
img_4040.JPG,10
img_4041.JPG,1
img_4042.JPG,11
img_4043.JPG,12
img_4044.JPG,3
img_4045.JPG,10
img_4046.JPG,5
img_4047.JPG,5
img_4048.JPG,12
img_4049.JPG,2
img_4050.JPG,9
img_4051.JPG,2
img_4052.JPG,12
img_4053.JPG,2
img_4054.JPG,5
img_4055.JPG,7
img_4056.JPG,12
img_4057.JPG,7
img_4058.JPG,6
img_4059.JPG,10
img_4060.JPG,10
img_4061.JPG,12
img_4062.JPG,2
img_4063.JPG,3
img_4064.JPG,10
img_4065.JPG,1
img_4066.JPG,10
img_4067.JPG,14
img_4068.JPG,7
img_4069.JPG,5
img_4070.JPG,11
img_4071.JPG,12
img_4072.JPG,5
img_4073.JPG,5
img_4074.JPG,13
img_4075.JPG,2
img_4076.JPG,12
img_4077.JPG,5
img_4078.JPG,6
img_4079.JPG,13
img_4080.JPG,12
img_4081.JPG,3
img_4082.JPG,12
img_4083.JPG,2
img_4084.JPG,12
img_4085.JPG,6
img_4086.JPG,1
img_4087.JPG,6
img_4088.JPG,12
img_4089.JPG,1
img_4090.JPG,6
img_4091.JPG,5
img_4092.JPG,12
img_4093.JPG,7
img_4094.JPG,9
img_4095.JPG,12
img_4096.JPG,2
img_4097.JPG,1
img_4098.JPG,10
img_4099.JPG,0
img_4100.JPG,8
img_4101.JPG,0
img_4102.JPG,8
img_4103.JPG,12
img_4104.JPG,12
img_4105.JPG,7
img_4106.JPG,8
img_4107.JPG,1
img_4108.JPG,3
img_4109.JPG,11
img_4110.JPG,7
img_4111.JPG,12
img_4112.JPG,1
img_4113.JPG,13
img_4114.JPG,11
img_4115.JPG,10
img_4116.JPG,11
img_4117.JPG,9
img_4118.JPG,12
img_4119.JPG,6
img_4120.JPG,8
img_4121.JPG,5
img_4122.JPG,12
